"Record Length",3125,"Points",0.00000000e+000,#N/A
"Sample Interval",8.00000000e+005,Hz,8.00000000e+005,#N/A
"Trigger Point",0,"Samples",1.60000000e+006,#N/A
"Trigger Time",0.00000000e+000,Hz,2.40000000e+006,#N/A
"",,,3.20000000e+006,#N/A
"Horizontal Offset",0.00000000e+000,Hz,4.00000000e+006,#N/A
,,,4.80000000e+006,#N/A
,,,5.60000000e+006,#N/A
,,,6.40000000e+006,#N/A
,,,7.20000000e+006,#N/A
,,,8.00000000e+006,#N/A
,,,8.80000000e+006,#N/A
,,,9.60000000e+006,#N/A
,,,1.04000000e+007,#N/A
,,,1.12000000e+007,#N/A
,,,1.20000000e+007,#N/A
,,,1.28000000e+007,#N/A
,,,1.36000000e+007,#N/A
,,,1.44000000e+007,#N/A
,,,1.52000000e+007,#N/A
,,,1.60000000e+007,#N/A
,,,1.68000000e+007,#N/A
,,,1.76000000e+007,#N/A
,,,1.84000000e+007,#N/A
,,,1.92000000e+007,#N/A
,,,2.00000000e+007,#N/A
,,,2.08000000e+007,#N/A
,,,2.16000000e+007,#N/A
,,,2.24000000e+007,#N/A
,,,2.32000000e+007,#N/A
,,,2.40000000e+007,#N/A
,,,2.48000000e+007,#N/A
,,,2.56000000e+007,#N/A
,,,2.64000000e+007,#N/A
,,,2.72000000e+007,#N/A
,,,2.80000000e+007,#N/A
,,,2.88000000e+007,#N/A
,,,2.96000000e+007,#N/A
,,,3.04000000e+007,#N/A
,,,3.12000000e+007,#N/A
,,,3.20000000e+007,#N/A
,,,3.28000000e+007,#N/A
,,,3.36000000e+007,#N/A
,,,3.44000000e+007,#N/A
,,,3.52000000e+007,#N/A
,,,3.60000000e+007,#N/A
,,,3.68000000e+007,#N/A
,,,3.76000000e+007,#N/A
,,,3.84000000e+007,#N/A
,,,3.92000000e+007,#N/A
,,,4.00000000e+007,#N/A
,,,4.08000000e+007,#N/A
,,,4.16000000e+007,#N/A
,,,4.24000000e+007,#N/A
,,,4.32000000e+007,#N/A
,,,4.40000000e+007,#N/A
,,,4.48000000e+007,#N/A
,,,4.56000000e+007,#N/A
,,,4.64000000e+007,#N/A
,,,4.72000000e+007,#N/A
,,,4.80000000e+007,#N/A
,,,4.88000000e+007,#N/A
,,,4.96000000e+007,#N/A
,,,5.04000000e+007,#N/A
,,,5.12000000e+007,#N/A
,,,5.20000000e+007,#N/A
,,,5.28000000e+007,#N/A
,,,5.36000000e+007,#N/A
,,,5.44000000e+007,#N/A
,,,5.52000000e+007,#N/A
,,,5.60000000e+007,#N/A
,,,5.68000000e+007,#N/A
,,,5.76000000e+007,#N/A
,,,5.84000000e+007,#N/A
,,,5.92000000e+007,#N/A
,,,6.00000000e+007,#N/A
,,,6.08000000e+007,#N/A
,,,6.16000000e+007,#N/A
,,,6.24000000e+007,#N/A
,,,6.32000000e+007,#N/A
,,,6.40000000e+007,#N/A
,,,6.48000000e+007,#N/A
,,,6.56000000e+007,#N/A
,,,6.64000000e+007,#N/A
,,,6.72000000e+007,#N/A
,,,6.80000000e+007,#N/A
,,,6.88000000e+007,#N/A
,,,6.96000000e+007,#N/A
,,,7.04000000e+007,#N/A
,,,7.12000000e+007,#N/A
,,,7.20000000e+007,#N/A
,,,7.28000000e+007,#N/A
,,,7.36000000e+007,#N/A
,,,7.44000000e+007,#N/A
,,,7.52000000e+007,#N/A
,,,7.60000000e+007,#N/A
,,,7.68000000e+007,#N/A
,,,7.76000000e+007,#N/A
,,,7.84000000e+007,#N/A
,,,7.92000000e+007,#N/A
,,,8.00000000e+007,#N/A
,,,8.08000000e+007,#N/A
,,,8.16000000e+007,#N/A
,,,8.24000000e+007,#N/A
,,,8.32000000e+007,#N/A
,,,8.40000000e+007,#N/A
,,,8.48000000e+007,#N/A
,,,8.56000000e+007,#N/A
,,,8.64000000e+007,#N/A
,,,8.72000000e+007,#N/A
,,,8.80000000e+007,#N/A
,,,8.88000000e+007,#N/A
,,,8.96000000e+007,#N/A
,,,9.04000000e+007,#N/A
,,,9.12000000e+007,#N/A
,,,9.20000000e+007,#N/A
,,,9.28000000e+007,#N/A
,,,9.36000000e+007,#N/A
,,,9.44000000e+007,#N/A
,,,9.52000000e+007,#N/A
,,,9.60000000e+007,#N/A
,,,9.68000000e+007,#N/A
,,,9.76000000e+007,#N/A
,,,9.84000000e+007,#N/A
,,,9.92000000e+007,#N/A
,,,1.00000000e+008,#N/A
,,,1.00800000e+008,#N/A
,,,1.01600000e+008,#N/A
,,,1.02400000e+008,#N/A
,,,1.03200000e+008,#N/A
,,,1.04000000e+008,#N/A
,,,1.04800000e+008,#N/A
,,,1.05600000e+008,#N/A
,,,1.06400000e+008,#N/A
,,,1.07200000e+008,#N/A
,,,1.08000000e+008,#N/A
,,,1.08800000e+008,#N/A
,,,1.09600000e+008,#N/A
,,,1.10400000e+008,#N/A
,,,1.11200000e+008,#N/A
,,,1.12000000e+008,#N/A
,,,1.12800000e+008,#N/A
,,,1.13600000e+008,#N/A
,,,1.14400000e+008,#N/A
,,,1.15200000e+008,#N/A
,,,1.16000000e+008,#N/A
,,,1.16800000e+008,#N/A
,,,1.17600000e+008,#N/A
,,,1.18400000e+008,#N/A
,,,1.19200000e+008,#N/A
,,,1.20000000e+008,#N/A
,,,1.20800000e+008,#N/A
,,,1.21600000e+008,#N/A
,,,1.22400000e+008,#N/A
,,,1.23200000e+008,#N/A
,,,1.24000000e+008,#N/A
,,,1.24800000e+008,#N/A
,,,1.25600000e+008,#N/A
,,,1.26400000e+008,#N/A
,,,1.27200000e+008,#N/A
,,,1.28000000e+008,#N/A
,,,1.28800000e+008,#N/A
,,,1.29600000e+008,#N/A
,,,1.30400000e+008,#N/A
,,,1.31200000e+008,#N/A
,,,1.32000000e+008,#N/A
,,,1.32800000e+008,#N/A
,,,1.33600000e+008,#N/A
,,,1.34400000e+008,#N/A
,,,1.35200000e+008,#N/A
,,,1.36000000e+008,#N/A
,,,1.36800000e+008,#N/A
,,,1.37600000e+008,#N/A
,,,1.38400000e+008,#N/A
,,,1.39200000e+008,#N/A
,,,1.40000000e+008,#N/A
,,,1.40800000e+008,#N/A
,,,1.41600000e+008,#N/A
,,,1.42400000e+008,#N/A
,,,1.43200000e+008,#N/A
,,,1.44000000e+008,#N/A
,,,1.44800000e+008,#N/A
,,,1.45600000e+008,#N/A
,,,1.46400000e+008,#N/A
,,,1.47200000e+008,#N/A
,,,1.48000000e+008,#N/A
,,,1.48800000e+008,#N/A
,,,1.49600000e+008,#N/A
,,,1.50400000e+008,#N/A
,,,1.51200000e+008,#N/A
,,,1.52000000e+008,#N/A
,,,1.52800000e+008,#N/A
,,,1.53600000e+008,#N/A
,,,1.54400000e+008,#N/A
,,,1.55200000e+008,#N/A
,,,1.56000000e+008,#N/A
,,,1.56800000e+008,#N/A
,,,1.57600000e+008,#N/A
,,,1.58400000e+008,#N/A
,,,1.59200000e+008,#N/A
,,,1.60000000e+008,#N/A
,,,1.60800000e+008,#N/A
,,,1.61600000e+008,#N/A
,,,1.62400000e+008,#N/A
,,,1.63200000e+008,#N/A
,,,1.64000000e+008,#N/A
,,,1.64800000e+008,#N/A
,,,1.65600000e+008,#N/A
,,,1.66400000e+008,#N/A
,,,1.67200000e+008,#N/A
,,,1.68000000e+008,#N/A
,,,1.68800000e+008,#N/A
,,,1.69600000e+008,#N/A
,,,1.70400000e+008,#N/A
,,,1.71200000e+008,#N/A
,,,1.72000000e+008,#N/A
,,,1.72800000e+008,#N/A
,,,1.73600000e+008,#N/A
,,,1.74400000e+008,#N/A
,,,1.75200000e+008,#N/A
,,,1.76000000e+008,#N/A
,,,1.76800000e+008,#N/A
,,,1.77600000e+008,#N/A
,,,1.78400000e+008,#N/A
,,,1.79200000e+008,#N/A
,,,1.80000000e+008,#N/A
,,,1.80800000e+008,#N/A
,,,1.81600000e+008,#N/A
,,,1.82400000e+008,#N/A
,,,1.83200000e+008,#N/A
,,,1.84000000e+008,#N/A
,,,1.84800000e+008,#N/A
,,,1.85600000e+008,#N/A
,,,1.86400000e+008,#N/A
,,,1.87200000e+008,#N/A
,,,1.88000000e+008,#N/A
,,,1.88800000e+008,#N/A
,,,1.89600000e+008,#N/A
,,,1.90400000e+008,#N/A
,,,1.91200000e+008,#N/A
,,,1.92000000e+008,#N/A
,,,1.92800000e+008,#N/A
,,,1.93600000e+008,#N/A
,,,1.94400000e+008,#N/A
,,,1.95200000e+008,#N/A
,,,1.96000000e+008,#N/A
,,,1.96800000e+008,#N/A
,,,1.97600000e+008,#N/A
,,,1.98400000e+008,#N/A
,,,1.99200000e+008,#N/A
,,,2.00000000e+008,#N/A
,,,2.00800000e+008,#N/A
,,,2.01600000e+008,#N/A
,,,2.02400000e+008,#N/A
,,,2.03200000e+008,#N/A
,,,2.04000000e+008,#N/A
,,,2.04800000e+008,#N/A
,,,2.05600000e+008,#N/A
,,,2.06400000e+008,#N/A
,,,2.07200000e+008,#N/A
,,,2.08000000e+008,#N/A
,,,2.08800000e+008,#N/A
,,,2.09600000e+008,#N/A
,,,2.10400000e+008,#N/A
,,,2.11200000e+008,#N/A
,,,2.12000000e+008,#N/A
,,,2.12800000e+008,#N/A
,,,2.13600000e+008,#N/A
,,,2.14400000e+008,#N/A
,,,2.15200000e+008,#N/A
,,,2.16000000e+008,#N/A
,,,2.16800000e+008,#N/A
,,,2.17600000e+008,#N/A
,,,2.18400000e+008,#N/A
,,,2.19200000e+008,#N/A
,,,2.20000000e+008,#N/A
,,,2.20800000e+008,#N/A
,,,2.21600000e+008,#N/A
,,,2.22400000e+008,#N/A
,,,2.23200000e+008,#N/A
,,,2.24000000e+008,#N/A
,,,2.24800000e+008,#N/A
,,,2.25600000e+008,#N/A
,,,2.26400000e+008,#N/A
,,,2.27200000e+008,#N/A
,,,2.28000000e+008,#N/A
,,,2.28800000e+008,#N/A
,,,2.29600000e+008,#N/A
,,,2.30400000e+008,#N/A
,,,2.31200000e+008,#N/A
,,,2.32000000e+008,#N/A
,,,2.32800000e+008,#N/A
,,,2.33600000e+008,#N/A
,,,2.34400000e+008,#N/A
,,,2.35200000e+008,#N/A
,,,2.36000000e+008,#N/A
,,,2.36800000e+008,#N/A
,,,2.37600000e+008,#N/A
,,,2.38400000e+008,#N/A
,,,2.39200000e+008,#N/A
,,,2.40000000e+008,#N/A
,,,2.40800000e+008,#N/A
,,,2.41600000e+008,#N/A
,,,2.42400000e+008,#N/A
,,,2.43200000e+008,#N/A
,,,2.44000000e+008,#N/A
,,,2.44800000e+008,#N/A
,,,2.45600000e+008,#N/A
,,,2.46400000e+008,#N/A
,,,2.47200000e+008,#N/A
,,,2.48000000e+008,#N/A
,,,2.48800000e+008,#N/A
,,,2.49600000e+008,#N/A
,,,2.50400000e+008,#N/A
,,,2.51200000e+008,#N/A
,,,2.52000000e+008,#N/A
,,,2.52800000e+008,#N/A
,,,2.53600000e+008,#N/A
,,,2.54400000e+008,#N/A
,,,2.55200000e+008,#N/A
,,,2.56000000e+008,#N/A
,,,2.56800000e+008,#N/A
,,,2.57600000e+008,#N/A
,,,2.58400000e+008,#N/A
,,,2.59200000e+008,#N/A
,,,2.60000000e+008,#N/A
,,,2.60800000e+008,#N/A
,,,2.61600000e+008,#N/A
,,,2.62400000e+008,#N/A
,,,2.63200000e+008,#N/A
,,,2.64000000e+008,#N/A
,,,2.64800000e+008,#N/A
,,,2.65600000e+008,#N/A
,,,2.66400000e+008,#N/A
,,,2.67200000e+008,#N/A
,,,2.68000000e+008,#N/A
,,,2.68800000e+008,#N/A
,,,2.69600000e+008,#N/A
,,,2.70400000e+008,#N/A
,,,2.71200000e+008,#N/A
,,,2.72000000e+008,#N/A
,,,2.72800000e+008,#N/A
,,,2.73600000e+008,#N/A
,,,2.74400000e+008,#N/A
,,,2.75200000e+008,#N/A
,,,2.76000000e+008,#N/A
,,,2.76800000e+008,#N/A
,,,2.77600000e+008,#N/A
,,,2.78400000e+008,#N/A
,,,2.79200000e+008,#N/A
,,,2.80000000e+008,#N/A
,,,2.80800000e+008,#N/A
,,,2.81600000e+008,#N/A
,,,2.82400000e+008,#N/A
,,,2.83200000e+008,#N/A
,,,2.84000000e+008,#N/A
,,,2.84800000e+008,#N/A
,,,2.85600000e+008,#N/A
,,,2.86400000e+008,#N/A
,,,2.87200000e+008,#N/A
,,,2.88000000e+008,#N/A
,,,2.88800000e+008,#N/A
,,,2.89600000e+008,#N/A
,,,2.90400000e+008,#N/A
,,,2.91200000e+008,#N/A
,,,2.92000000e+008,#N/A
,,,2.92800000e+008,#N/A
,,,2.93600000e+008,#N/A
,,,2.94400000e+008,#N/A
,,,2.95200000e+008,#N/A
,,,2.96000000e+008,#N/A
,,,2.96800000e+008,#N/A
,,,2.97600000e+008,#N/A
,,,2.98400000e+008,#N/A
,,,2.99200000e+008,#N/A
,,,3.00000000e+008,#N/A
,,,3.00800000e+008,#N/A
,,,3.01600000e+008,#N/A
,,,3.02400000e+008,#N/A
,,,3.03200000e+008,#N/A
,,,3.04000000e+008,#N/A
,,,3.04800000e+008,#N/A
,,,3.05600000e+008,#N/A
,,,3.06400000e+008,#N/A
,,,3.07200000e+008,#N/A
,,,3.08000000e+008,#N/A
,,,3.08800000e+008,#N/A
,,,3.09600000e+008,#N/A
,,,3.10400000e+008,#N/A
,,,3.11200000e+008,#N/A
,,,3.12000000e+008,#N/A
,,,3.12800000e+008,#N/A
,,,3.13600000e+008,#N/A
,,,3.14400000e+008,#N/A
,,,3.15200000e+008,#N/A
,,,3.16000000e+008,#N/A
,,,3.16800000e+008,#N/A
,,,3.17600000e+008,#N/A
,,,3.18400000e+008,#N/A
,,,3.19200000e+008,#N/A
,,,3.20000000e+008,#N/A
,,,3.20800000e+008,#N/A
,,,3.21600000e+008,#N/A
,,,3.22400000e+008,#N/A
,,,3.23200000e+008,#N/A
,,,3.24000000e+008,#N/A
,,,3.24800000e+008,#N/A
,,,3.25600000e+008,#N/A
,,,3.26400000e+008,#N/A
,,,3.27200000e+008,#N/A
,,,3.28000000e+008,#N/A
,,,3.28800000e+008,#N/A
,,,3.29600000e+008,#N/A
,,,3.30400000e+008,#N/A
,,,3.31200000e+008,#N/A
,,,3.32000000e+008,#N/A
,,,3.32800000e+008,#N/A
,,,3.33600000e+008,#N/A
,,,3.34400000e+008,#N/A
,,,3.35200000e+008,#N/A
,,,3.36000000e+008,#N/A
,,,3.36800000e+008,#N/A
,,,3.37600000e+008,#N/A
,,,3.38400000e+008,#N/A
,,,3.39200000e+008,#N/A
,,,3.40000000e+008,#N/A
,,,3.40800000e+008,#N/A
,,,3.41600000e+008,#N/A
,,,3.42400000e+008,#N/A
,,,3.43200000e+008,#N/A
,,,3.44000000e+008,#N/A
,,,3.44800000e+008,#N/A
,,,3.45600000e+008,#N/A
,,,3.46400000e+008,#N/A
,,,3.47200000e+008,#N/A
,,,3.48000000e+008,#N/A
,,,3.48800000e+008,#N/A
,,,3.49600000e+008,#N/A
,,,3.50400000e+008,#N/A
,,,3.51200000e+008,#N/A
,,,3.52000000e+008,#N/A
,,,3.52800000e+008,#N/A
,,,3.53600000e+008,#N/A
,,,3.54400000e+008,#N/A
,,,3.55200000e+008,#N/A
,,,3.56000000e+008,#N/A
,,,3.56800000e+008,#N/A
,,,3.57600000e+008,#N/A
,,,3.58400000e+008,#N/A
,,,3.59200000e+008,#N/A
,,,3.60000000e+008,#N/A
,,,3.60800000e+008,#N/A
,,,3.61600000e+008,#N/A
,,,3.62400000e+008,#N/A
,,,3.63200000e+008,#N/A
,,,3.64000000e+008,#N/A
,,,3.64800000e+008,#N/A
,,,3.65600000e+008,#N/A
,,,3.66400000e+008,#N/A
,,,3.67200000e+008,#N/A
,,,3.68000000e+008,#N/A
,,,3.68800000e+008,#N/A
,,,3.69600000e+008,#N/A
,,,3.70400000e+008,#N/A
,,,3.71200000e+008,#N/A
,,,3.72000000e+008,#N/A
,,,3.72800000e+008,#N/A
,,,3.73600000e+008,#N/A
,,,3.74400000e+008,#N/A
,,,3.75200000e+008,#N/A
,,,3.76000000e+008,#N/A
,,,3.76800000e+008,#N/A
,,,3.77600000e+008,#N/A
,,,3.78400000e+008,#N/A
,,,3.79200000e+008,#N/A
,,,3.80000000e+008,#N/A
,,,3.80800000e+008,#N/A
,,,3.81600000e+008,#N/A
,,,3.82400000e+008,#N/A
,,,3.83200000e+008,#N/A
,,,3.84000000e+008,#N/A
,,,3.84800000e+008,#N/A
,,,3.85600000e+008,#N/A
,,,3.86400000e+008,#N/A
,,,3.87200000e+008,#N/A
,,,3.88000000e+008,#N/A
,,,3.88800000e+008,#N/A
,,,3.89600000e+008,#N/A
,,,3.90400000e+008,#N/A
,,,3.91200000e+008,#N/A
,,,3.92000000e+008,#N/A
,,,3.92800000e+008,#N/A
,,,3.93600000e+008,#N/A
,,,3.94400000e+008,#N/A
,,,3.95200000e+008,#N/A
,,,3.96000000e+008,#N/A
,,,3.96800000e+008,#N/A
,,,3.97600000e+008,#N/A
,,,3.98400000e+008,#N/A
,,,3.99200000e+008,#N/A
,,,4.00000000e+008,#N/A
,,,4.00800000e+008,#N/A
,,,4.01600000e+008,#N/A
,,,4.02400000e+008,#N/A
,,,4.03200000e+008,#N/A
,,,4.04000000e+008,#N/A
,,,4.04800000e+008,#N/A
,,,4.05600000e+008,#N/A
,,,4.06400000e+008,#N/A
,,,4.07200000e+008,#N/A
,,,4.08000000e+008,#N/A
,,,4.08800000e+008,#N/A
,,,4.09600000e+008,#N/A
,,,4.10400000e+008,#N/A
,,,4.11200000e+008,#N/A
,,,4.12000000e+008,#N/A
,,,4.12800000e+008,#N/A
,,,4.13600000e+008,#N/A
,,,4.14400000e+008,#N/A
,,,4.15200000e+008,#N/A
,,,4.16000000e+008,#N/A
,,,4.16800000e+008,#N/A
,,,4.17600000e+008,#N/A
,,,4.18400000e+008,#N/A
,,,4.19200000e+008,#N/A
,,,4.20000000e+008,#N/A
,,,4.20800000e+008,#N/A
,,,4.21600000e+008,#N/A
,,,4.22400000e+008,#N/A
,,,4.23200000e+008,#N/A
,,,4.24000000e+008,#N/A
,,,4.24800000e+008,#N/A
,,,4.25600000e+008,#N/A
,,,4.26400000e+008,#N/A
,,,4.27200000e+008,#N/A
,,,4.28000000e+008,#N/A
,,,4.28800000e+008,#N/A
,,,4.29600000e+008,#N/A
,,,4.30400000e+008,#N/A
,,,4.31200000e+008,#N/A
,,,4.32000000e+008,#N/A
,,,4.32800000e+008,#N/A
,,,4.33600000e+008,#N/A
,,,4.34400000e+008,#N/A
,,,4.35200000e+008,#N/A
,,,4.36000000e+008,#N/A
,,,4.36800000e+008,#N/A
,,,4.37600000e+008,#N/A
,,,4.38400000e+008,#N/A
,,,4.39200000e+008,#N/A
,,,4.40000000e+008,#N/A
,,,4.40800000e+008,#N/A
,,,4.41600000e+008,#N/A
,,,4.42400000e+008,#N/A
,,,4.43200000e+008,#N/A
,,,4.44000000e+008,#N/A
,,,4.44800000e+008,#N/A
,,,4.45600000e+008,#N/A
,,,4.46400000e+008,#N/A
,,,4.47200000e+008,#N/A
,,,4.48000000e+008,#N/A
,,,4.48800000e+008,#N/A
,,,4.49600000e+008,#N/A
,,,4.50400000e+008,#N/A
,,,4.51200000e+008,#N/A
,,,4.52000000e+008,#N/A
,,,4.52800000e+008,#N/A
,,,4.53600000e+008,#N/A
,,,4.54400000e+008,#N/A
,,,4.55200000e+008,#N/A
,,,4.56000000e+008,#N/A
,,,4.56800000e+008,#N/A
,,,4.57600000e+008,#N/A
,,,4.58400000e+008,#N/A
,,,4.59200000e+008,#N/A
,,,4.60000000e+008,#N/A
,,,4.60800000e+008,#N/A
,,,4.61600000e+008,#N/A
,,,4.62400000e+008,#N/A
,,,4.63200000e+008,#N/A
,,,4.64000000e+008,#N/A
,,,4.64800000e+008,#N/A
,,,4.65600000e+008,#N/A
,,,4.66400000e+008,#N/A
,,,4.67200000e+008,#N/A
,,,4.68000000e+008,#N/A
,,,4.68800000e+008,#N/A
,,,4.69600000e+008,#N/A
,,,4.70400000e+008,#N/A
,,,4.71200000e+008,#N/A
,,,4.72000000e+008,#N/A
,,,4.72800000e+008,#N/A
,,,4.73600000e+008,#N/A
,,,4.74400000e+008,#N/A
,,,4.75200000e+008,#N/A
,,,4.76000000e+008,#N/A
,,,4.76800000e+008,#N/A
,,,4.77600000e+008,#N/A
,,,4.78400000e+008,#N/A
,,,4.79200000e+008,#N/A
,,,4.80000000e+008,#N/A
,,,4.80800000e+008,#N/A
,,,4.81600000e+008,#N/A
,,,4.82400000e+008,#N/A
,,,4.83200000e+008,#N/A
,,,4.84000000e+008,#N/A
,,,4.84800000e+008,#N/A
,,,4.85600000e+008,#N/A
,,,4.86400000e+008,#N/A
,,,4.87200000e+008,#N/A
,,,4.88000000e+008,#N/A
,,,4.88800000e+008,#N/A
,,,4.89600000e+008,#N/A
,,,4.90400000e+008,#N/A
,,,4.91200000e+008,#N/A
,,,4.92000000e+008,#N/A
,,,4.92800000e+008,#N/A
,,,4.93600000e+008,#N/A
,,,4.94400000e+008,#N/A
,,,4.95200000e+008,#N/A
,,,4.96000000e+008,#N/A
,,,4.96800000e+008,#N/A
,,,4.97600000e+008,#N/A
,,,4.98400000e+008,#N/A
,,,4.99200000e+008,#N/A
,,,5.00000000e+008,#N/A
,,,5.00800000e+008,#N/A
,,,5.01600000e+008,#N/A
,,,5.02400000e+008,#N/A
,,,5.03200000e+008,#N/A
,,,5.04000000e+008,#N/A
,,,5.04800000e+008,#N/A
,,,5.05600000e+008,#N/A
,,,5.06400000e+008,#N/A
,,,5.07200000e+008,#N/A
,,,5.08000000e+008,#N/A
,,,5.08800000e+008,#N/A
,,,5.09600000e+008,#N/A
,,,5.10400000e+008,#N/A
,,,5.11200000e+008,#N/A
,,,5.12000000e+008,#N/A
,,,5.12800000e+008,#N/A
,,,5.13600000e+008,#N/A
,,,5.14400000e+008,#N/A
,,,5.15200000e+008,#N/A
,,,5.16000000e+008,#N/A
,,,5.16800000e+008,#N/A
,,,5.17600000e+008,#N/A
,,,5.18400000e+008,#N/A
,,,5.19200000e+008,#N/A
,,,5.20000000e+008,#N/A
,,,5.20800000e+008,#N/A
,,,5.21600000e+008,#N/A
,,,5.22400000e+008,#N/A
,,,5.23200000e+008,#N/A
,,,5.24000000e+008,#N/A
,,,5.24800000e+008,#N/A
,,,5.25600000e+008,#N/A
,,,5.26400000e+008,#N/A
,,,5.27200000e+008,#N/A
,,,5.28000000e+008,#N/A
,,,5.28800000e+008,#N/A
,,,5.29600000e+008,#N/A
,,,5.30400000e+008,#N/A
,,,5.31200000e+008,#N/A
,,,5.32000000e+008,#N/A
,,,5.32800000e+008,#N/A
,,,5.33600000e+008,#N/A
,,,5.34400000e+008,#N/A
,,,5.35200000e+008,#N/A
,,,5.36000000e+008,#N/A
,,,5.36800000e+008,#N/A
,,,5.37600000e+008,#N/A
,,,5.38400000e+008,#N/A
,,,5.39200000e+008,#N/A
,,,5.40000000e+008,#N/A
,,,5.40800000e+008,#N/A
,,,5.41600000e+008,#N/A
,,,5.42400000e+008,#N/A
,,,5.43200000e+008,#N/A
,,,5.44000000e+008,#N/A
,,,5.44800000e+008,#N/A
,,,5.45600000e+008,#N/A
,,,5.46400000e+008,#N/A
,,,5.47200000e+008,#N/A
,,,5.48000000e+008,#N/A
,,,5.48800000e+008,#N/A
,,,5.49600000e+008,#N/A
,,,5.50400000e+008,#N/A
,,,5.51200000e+008,#N/A
,,,5.52000000e+008,#N/A
,,,5.52800000e+008,#N/A
,,,5.53600000e+008,#N/A
,,,5.54400000e+008,#N/A
,,,5.55200000e+008,#N/A
,,,5.56000000e+008,#N/A
,,,5.56800000e+008,#N/A
,,,5.57600000e+008,#N/A
,,,5.58400000e+008,#N/A
,,,5.59200000e+008,#N/A
,,,5.60000000e+008,#N/A
,,,5.60800000e+008,#N/A
,,,5.61600000e+008,#N/A
,,,5.62400000e+008,#N/A
,,,5.63200000e+008,#N/A
,,,5.64000000e+008,#N/A
,,,5.64800000e+008,#N/A
,,,5.65600000e+008,#N/A
,,,5.66400000e+008,#N/A
,,,5.67200000e+008,#N/A
,,,5.68000000e+008,#N/A
,,,5.68800000e+008,#N/A
,,,5.69600000e+008,#N/A
,,,5.70400000e+008,#N/A
,,,5.71200000e+008,#N/A
,,,5.72000000e+008,#N/A
,,,5.72800000e+008,#N/A
,,,5.73600000e+008,#N/A
,,,5.74400000e+008,#N/A
,,,5.75200000e+008,#N/A
,,,5.76000000e+008,#N/A
,,,5.76800000e+008,#N/A
,,,5.77600000e+008,#N/A
,,,5.78400000e+008,#N/A
,,,5.79200000e+008,#N/A
,,,5.80000000e+008,#N/A
,,,5.80800000e+008,#N/A
,,,5.81600000e+008,#N/A
,,,5.82400000e+008,#N/A
,,,5.83200000e+008,#N/A
,,,5.84000000e+008,#N/A
,,,5.84800000e+008,#N/A
,,,5.85600000e+008,#N/A
,,,5.86400000e+008,#N/A
,,,5.87200000e+008,#N/A
,,,5.88000000e+008,#N/A
,,,5.88800000e+008,#N/A
,,,5.89600000e+008,#N/A
,,,5.90400000e+008,#N/A
,,,5.91200000e+008,#N/A
,,,5.92000000e+008,#N/A
,,,5.92800000e+008,#N/A
,,,5.93600000e+008,#N/A
,,,5.94400000e+008,#N/A
,,,5.95200000e+008,#N/A
,,,5.96000000e+008,#N/A
,,,5.96800000e+008,#N/A
,,,5.97600000e+008,#N/A
,,,5.98400000e+008,#N/A
,,,5.99200000e+008,#N/A
,,,6.00000000e+008,#N/A
,,,6.00800000e+008,#N/A
,,,6.01600000e+008,#N/A
,,,6.02400000e+008,#N/A
,,,6.03200000e+008,#N/A
,,,6.04000000e+008,#N/A
,,,6.04800000e+008,#N/A
,,,6.05600000e+008,#N/A
,,,6.06400000e+008,#N/A
,,,6.07200000e+008,#N/A
,,,6.08000000e+008,#N/A
,,,6.08800000e+008,#N/A
,,,6.09600000e+008,#N/A
,,,6.10400000e+008,#N/A
,,,6.11200000e+008,#N/A
,,,6.12000000e+008,#N/A
,,,6.12800000e+008,#N/A
,,,6.13600000e+008,#N/A
,,,6.14400000e+008,#N/A
,,,6.15200000e+008,#N/A
,,,6.16000000e+008,#N/A
,,,6.16800000e+008,#N/A
,,,6.17600000e+008,#N/A
,,,6.18400000e+008,#N/A
,,,6.19200000e+008,#N/A
,,,6.20000000e+008,#N/A
,,,6.20800000e+008,#N/A
,,,6.21600000e+008,#N/A
,,,6.22400000e+008,#N/A
,,,6.23200000e+008,#N/A
,,,6.24000000e+008,#N/A
,,,6.24800000e+008,#N/A
,,,6.25600000e+008,#N/A
,,,6.26400000e+008,#N/A
,,,6.27200000e+008,#N/A
,,,6.28000000e+008,#N/A
,,,6.28800000e+008,#N/A
,,,6.29600000e+008,#N/A
,,,6.30400000e+008,#N/A
,,,6.31200000e+008,#N/A
,,,6.32000000e+008,#N/A
,,,6.32800000e+008,#N/A
,,,6.33600000e+008,#N/A
,,,6.34400000e+008,#N/A
,,,6.35200000e+008,#N/A
,,,6.36000000e+008,#N/A
,,,6.36800000e+008,#N/A
,,,6.37600000e+008,#N/A
,,,6.38400000e+008,#N/A
,,,6.39200000e+008,#N/A
,,,6.40000000e+008,#N/A
,,,6.40800000e+008,#N/A
,,,6.41600000e+008,#N/A
,,,6.42400000e+008,#N/A
,,,6.43200000e+008,#N/A
,,,6.44000000e+008,#N/A
,,,6.44800000e+008,#N/A
,,,6.45600000e+008,#N/A
,,,6.46400000e+008,#N/A
,,,6.47200000e+008,#N/A
,,,6.48000000e+008,#N/A
,,,6.48800000e+008,#N/A
,,,6.49600000e+008,#N/A
,,,6.50400000e+008,#N/A
,,,6.51200000e+008,#N/A
,,,6.52000000e+008,#N/A
,,,6.52800000e+008,#N/A
,,,6.53600000e+008,#N/A
,,,6.54400000e+008,#N/A
,,,6.55200000e+008,#N/A
,,,6.56000000e+008,#N/A
,,,6.56800000e+008,#N/A
,,,6.57600000e+008,#N/A
,,,6.58400000e+008,#N/A
,,,6.59200000e+008,#N/A
,,,6.60000000e+008,#N/A
,,,6.60800000e+008,#N/A
,,,6.61600000e+008,#N/A
,,,6.62400000e+008,#N/A
,,,6.63200000e+008,#N/A
,,,6.64000000e+008,#N/A
,,,6.64800000e+008,#N/A
,,,6.65600000e+008,#N/A
,,,6.66400000e+008,#N/A
,,,6.67200000e+008,#N/A
,,,6.68000000e+008,#N/A
,,,6.68800000e+008,#N/A
,,,6.69600000e+008,#N/A
,,,6.70400000e+008,#N/A
,,,6.71200000e+008,#N/A
,,,6.72000000e+008,#N/A
,,,6.72800000e+008,#N/A
,,,6.73600000e+008,#N/A
,,,6.74400000e+008,#N/A
,,,6.75200000e+008,#N/A
,,,6.76000000e+008,#N/A
,,,6.76800000e+008,#N/A
,,,6.77600000e+008,#N/A
,,,6.78400000e+008,#N/A
,,,6.79200000e+008,#N/A
,,,6.80000000e+008,#N/A
,,,6.80800000e+008,#N/A
,,,6.81600000e+008,#N/A
,,,6.82400000e+008,#N/A
,,,6.83200000e+008,#N/A
,,,6.84000000e+008,#N/A
,,,6.84800000e+008,#N/A
,,,6.85600000e+008,#N/A
,,,6.86400000e+008,#N/A
,,,6.87200000e+008,#N/A
,,,6.88000000e+008,#N/A
,,,6.88800000e+008,#N/A
,,,6.89600000e+008,#N/A
,,,6.90400000e+008,#N/A
,,,6.91200000e+008,#N/A
,,,6.92000000e+008,#N/A
,,,6.92800000e+008,#N/A
,,,6.93600000e+008,#N/A
,,,6.94400000e+008,#N/A
,,,6.95200000e+008,#N/A
,,,6.96000000e+008,#N/A
,,,6.96800000e+008,#N/A
,,,6.97600000e+008,#N/A
,,,6.98400000e+008,#N/A
,,,6.99200000e+008,#N/A
,,,7.00000000e+008,#N/A
,,,7.00800000e+008,#N/A
,,,7.01600000e+008,#N/A
,,,7.02400000e+008,#N/A
,,,7.03200000e+008,#N/A
,,,7.04000000e+008,#N/A
,,,7.04800000e+008,#N/A
,,,7.05600000e+008,#N/A
,,,7.06400000e+008,#N/A
,,,7.07200000e+008,#N/A
,,,7.08000000e+008,#N/A
,,,7.08800000e+008,#N/A
,,,7.09600000e+008,#N/A
,,,7.10400000e+008,#N/A
,,,7.11200000e+008,#N/A
,,,7.12000000e+008,#N/A
,,,7.12800000e+008,#N/A
,,,7.13600000e+008,#N/A
,,,7.14400000e+008,#N/A
,,,7.15200000e+008,#N/A
,,,7.16000000e+008,#N/A
,,,7.16800000e+008,#N/A
,,,7.17600000e+008,#N/A
,,,7.18400000e+008,#N/A
,,,7.19200000e+008,#N/A
,,,7.20000000e+008,#N/A
,,,7.20800000e+008,#N/A
,,,7.21600000e+008,#N/A
,,,7.22400000e+008,#N/A
,,,7.23200000e+008,#N/A
,,,7.24000000e+008,#N/A
,,,7.24800000e+008,#N/A
,,,7.25600000e+008,#N/A
,,,7.26400000e+008,#N/A
,,,7.27200000e+008,#N/A
,,,7.28000000e+008,#N/A
,,,7.28800000e+008,#N/A
,,,7.29600000e+008,#N/A
,,,7.30400000e+008,#N/A
,,,7.31200000e+008,#N/A
,,,7.32000000e+008,#N/A
,,,7.32800000e+008,#N/A
,,,7.33600000e+008,#N/A
,,,7.34400000e+008,#N/A
,,,7.35200000e+008,#N/A
,,,7.36000000e+008,#N/A
,,,7.36800000e+008,#N/A
,,,7.37600000e+008,#N/A
,,,7.38400000e+008,#N/A
,,,7.39200000e+008,#N/A
,,,7.40000000e+008,#N/A
,,,7.40800000e+008,#N/A
,,,7.41600000e+008,#N/A
,,,7.42400000e+008,#N/A
,,,7.43200000e+008,#N/A
,,,7.44000000e+008,#N/A
,,,7.44800000e+008,#N/A
,,,7.45600000e+008,#N/A
,,,7.46400000e+008,#N/A
,,,7.47200000e+008,#N/A
,,,7.48000000e+008,#N/A
,,,7.48800000e+008,#N/A
,,,7.49600000e+008,#N/A
,,,7.50400000e+008,#N/A
,,,7.51200000e+008,#N/A
,,,7.52000000e+008,#N/A
,,,7.52800000e+008,#N/A
,,,7.53600000e+008,#N/A
,,,7.54400000e+008,#N/A
,,,7.55200000e+008,#N/A
,,,7.56000000e+008,#N/A
,,,7.56800000e+008,#N/A
,,,7.57600000e+008,#N/A
,,,7.58400000e+008,#N/A
,,,7.59200000e+008,#N/A
,,,7.60000000e+008,#N/A
,,,7.60800000e+008,#N/A
,,,7.61600000e+008,#N/A
,,,7.62400000e+008,#N/A
,,,7.63200000e+008,#N/A
,,,7.64000000e+008,#N/A
,,,7.64800000e+008,#N/A
,,,7.65600000e+008,#N/A
,,,7.66400000e+008,#N/A
,,,7.67200000e+008,#N/A
,,,7.68000000e+008,#N/A
,,,7.68800000e+008,#N/A
,,,7.69600000e+008,#N/A
,,,7.70400000e+008,#N/A
,,,7.71200000e+008,#N/A
,,,7.72000000e+008,#N/A
,,,7.72800000e+008,#N/A
,,,7.73600000e+008,#N/A
,,,7.74400000e+008,#N/A
,,,7.75200000e+008,#N/A
,,,7.76000000e+008,#N/A
,,,7.76800000e+008,#N/A
,,,7.77600000e+008,#N/A
,,,7.78400000e+008,#N/A
,,,7.79200000e+008,#N/A
,,,7.80000000e+008,#N/A
,,,7.80800000e+008,#N/A
,,,7.81600000e+008,#N/A
,,,7.82400000e+008,#N/A
,,,7.83200000e+008,#N/A
,,,7.84000000e+008,#N/A
,,,7.84800000e+008,#N/A
,,,7.85600000e+008,#N/A
,,,7.86400000e+008,#N/A
,,,7.87200000e+008,#N/A
,,,7.88000000e+008,#N/A
,,,7.88800000e+008,#N/A
,,,7.89600000e+008,#N/A
,,,7.90400000e+008,#N/A
,,,7.91200000e+008,#N/A
,,,7.92000000e+008,#N/A
,,,7.92800000e+008,#N/A
,,,7.93600000e+008,#N/A
,,,7.94400000e+008,#N/A
,,,7.95200000e+008,#N/A
,,,7.96000000e+008,#N/A
,,,7.96800000e+008,#N/A
,,,7.97600000e+008,#N/A
,,,7.98400000e+008,#N/A
,,,7.99200000e+008,#N/A
,,,8.00000000e+008,#N/A
,,,8.00800000e+008,#N/A
,,,8.01600000e+008,#N/A
,,,8.02400000e+008,#N/A
,,,8.03200000e+008,#N/A
,,,8.04000000e+008,#N/A
,,,8.04800000e+008,#N/A
,,,8.05600000e+008,#N/A
,,,8.06400000e+008,#N/A
,,,8.07200000e+008,#N/A
,,,8.08000000e+008,#N/A
,,,8.08800000e+008,#N/A
,,,8.09600000e+008,#N/A
,,,8.10400000e+008,#N/A
,,,8.11200000e+008,#N/A
,,,8.12000000e+008,#N/A
,,,8.12800000e+008,#N/A
,,,8.13600000e+008,#N/A
,,,8.14400000e+008,#N/A
,,,8.15200000e+008,#N/A
,,,8.16000000e+008,#N/A
,,,8.16800000e+008,#N/A
,,,8.17600000e+008,#N/A
,,,8.18400000e+008,#N/A
,,,8.19200000e+008,#N/A
,,,8.20000000e+008,#N/A
,,,8.20800000e+008,#N/A
,,,8.21600000e+008,#N/A
,,,8.22400000e+008,#N/A
,,,8.23200000e+008,#N/A
,,,8.24000000e+008,#N/A
,,,8.24800000e+008,#N/A
,,,8.25600000e+008,#N/A
,,,8.26400000e+008,#N/A
,,,8.27200000e+008,#N/A
,,,8.28000000e+008,#N/A
,,,8.28800000e+008,#N/A
,,,8.29600000e+008,#N/A
,,,8.30400000e+008,#N/A
,,,8.31200000e+008,#N/A
,,,8.32000000e+008,#N/A
,,,8.32800000e+008,#N/A
,,,8.33600000e+008,#N/A
,,,8.34400000e+008,#N/A
,,,8.35200000e+008,#N/A
,,,8.36000000e+008,#N/A
,,,8.36800000e+008,#N/A
,,,8.37600000e+008,#N/A
,,,8.38400000e+008,#N/A
,,,8.39200000e+008,#N/A
,,,8.40000000e+008,#N/A
,,,8.40800000e+008,#N/A
,,,8.41600000e+008,#N/A
,,,8.42400000e+008,#N/A
,,,8.43200000e+008,#N/A
,,,8.44000000e+008,#N/A
,,,8.44800000e+008,#N/A
,,,8.45600000e+008,#N/A
,,,8.46400000e+008,#N/A
,,,8.47200000e+008,#N/A
,,,8.48000000e+008,#N/A
,,,8.48800000e+008,#N/A
,,,8.49600000e+008,#N/A
,,,8.50400000e+008,#N/A
,,,8.51200000e+008,#N/A
,,,8.52000000e+008,#N/A
,,,8.52800000e+008,#N/A
,,,8.53600000e+008,#N/A
,,,8.54400000e+008,#N/A
,,,8.55200000e+008,#N/A
,,,8.56000000e+008,#N/A
,,,8.56800000e+008,#N/A
,,,8.57600000e+008,#N/A
,,,8.58400000e+008,#N/A
,,,8.59200000e+008,#N/A
,,,8.60000000e+008,#N/A
,,,8.60800000e+008,#N/A
,,,8.61600000e+008,#N/A
,,,8.62400000e+008,#N/A
,,,8.63200000e+008,#N/A
,,,8.64000000e+008,#N/A
,,,8.64800000e+008,#N/A
,,,8.65600000e+008,#N/A
,,,8.66400000e+008,#N/A
,,,8.67200000e+008,#N/A
,,,8.68000000e+008,#N/A
,,,8.68800000e+008,#N/A
,,,8.69600000e+008,#N/A
,,,8.70400000e+008,#N/A
,,,8.71200000e+008,#N/A
,,,8.72000000e+008,#N/A
,,,8.72800000e+008,#N/A
,,,8.73600000e+008,#N/A
,,,8.74400000e+008,#N/A
,,,8.75200000e+008,#N/A
,,,8.76000000e+008,#N/A
,,,8.76800000e+008,#N/A
,,,8.77600000e+008,#N/A
,,,8.78400000e+008,#N/A
,,,8.79200000e+008,#N/A
,,,8.80000000e+008,#N/A
,,,8.80800000e+008,#N/A
,,,8.81600000e+008,#N/A
,,,8.82400000e+008,#N/A
,,,8.83200000e+008,#N/A
,,,8.84000000e+008,#N/A
,,,8.84800000e+008,#N/A
,,,8.85600000e+008,#N/A
,,,8.86400000e+008,#N/A
,,,8.87200000e+008,#N/A
,,,8.88000000e+008,#N/A
,,,8.88800000e+008,#N/A
,,,8.89600000e+008,#N/A
,,,8.90400000e+008,#N/A
,,,8.91200000e+008,#N/A
,,,8.92000000e+008,#N/A
,,,8.92800000e+008,#N/A
,,,8.93600000e+008,#N/A
,,,8.94400000e+008,#N/A
,,,8.95200000e+008,#N/A
,,,8.96000000e+008,#N/A
,,,8.96800000e+008,#N/A
,,,8.97600000e+008,#N/A
,,,8.98400000e+008,#N/A
,,,8.99200000e+008,#N/A
,,,9.00000000e+008,#N/A
,,,9.00800000e+008,#N/A
,,,9.01600000e+008,#N/A
,,,9.02400000e+008,#N/A
,,,9.03200000e+008,#N/A
,,,9.04000000e+008,#N/A
,,,9.04800000e+008,#N/A
,,,9.05600000e+008,#N/A
,,,9.06400000e+008,#N/A
,,,9.07200000e+008,#N/A
,,,9.08000000e+008,#N/A
,,,9.08800000e+008,#N/A
,,,9.09600000e+008,#N/A
,,,9.10400000e+008,#N/A
,,,9.11200000e+008,#N/A
,,,9.12000000e+008,#N/A
,,,9.12800000e+008,#N/A
,,,9.13600000e+008,#N/A
,,,9.14400000e+008,#N/A
,,,9.15200000e+008,#N/A
,,,9.16000000e+008,#N/A
,,,9.16800000e+008,#N/A
,,,9.17600000e+008,#N/A
,,,9.18400000e+008,#N/A
,,,9.19200000e+008,#N/A
,,,9.20000000e+008,#N/A
,,,9.20800000e+008,#N/A
,,,9.21600000e+008,#N/A
,,,9.22400000e+008,#N/A
,,,9.23200000e+008,#N/A
,,,9.24000000e+008,#N/A
,,,9.24800000e+008,#N/A
,,,9.25600000e+008,#N/A
,,,9.26400000e+008,#N/A
,,,9.27200000e+008,#N/A
,,,9.28000000e+008,#N/A
,,,9.28800000e+008,#N/A
,,,9.29600000e+008,#N/A
,,,9.30400000e+008,#N/A
,,,9.31200000e+008,#N/A
,,,9.32000000e+008,#N/A
,,,9.32800000e+008,#N/A
,,,9.33600000e+008,#N/A
,,,9.34400000e+008,#N/A
,,,9.35200000e+008,#N/A
,,,9.36000000e+008,#N/A
,,,9.36800000e+008,#N/A
,,,9.37600000e+008,#N/A
,,,9.38400000e+008,#N/A
,,,9.39200000e+008,#N/A
,,,9.40000000e+008,#N/A
,,,9.40800000e+008,#N/A
,,,9.41600000e+008,#N/A
,,,9.42400000e+008,#N/A
,,,9.43200000e+008,#N/A
,,,9.44000000e+008,#N/A
,,,9.44800000e+008,#N/A
,,,9.45600000e+008,#N/A
,,,9.46400000e+008,#N/A
,,,9.47200000e+008,#N/A
,,,9.48000000e+008,#N/A
,,,9.48800000e+008,#N/A
,,,9.49600000e+008,#N/A
,,,9.50400000e+008,#N/A
,,,9.51200000e+008,#N/A
,,,9.52000000e+008,#N/A
,,,9.52800000e+008,#N/A
,,,9.53600000e+008,#N/A
,,,9.54400000e+008,#N/A
,,,9.55200000e+008,#N/A
,,,9.56000000e+008,#N/A
,,,9.56800000e+008,#N/A
,,,9.57600000e+008,#N/A
,,,9.58400000e+008,#N/A
,,,9.59200000e+008,#N/A
,,,9.60000000e+008,#N/A
,,,9.60800000e+008,#N/A
,,,9.61600000e+008,#N/A
,,,9.62400000e+008,#N/A
,,,9.63200000e+008,#N/A
,,,9.64000000e+008,#N/A
,,,9.64800000e+008,#N/A
,,,9.65600000e+008,#N/A
,,,9.66400000e+008,#N/A
,,,9.67200000e+008,#N/A
,,,9.68000000e+008,#N/A
,,,9.68800000e+008,#N/A
,,,9.69600000e+008,#N/A
,,,9.70400000e+008,#N/A
,,,9.71200000e+008,#N/A
,,,9.72000000e+008,#N/A
,,,9.72800000e+008,#N/A
,,,9.73600000e+008,#N/A
,,,9.74400000e+008,#N/A
,,,9.75200000e+008,#N/A
,,,9.76000000e+008,#N/A
,,,9.76800000e+008,#N/A
,,,9.77600000e+008,#N/A
,,,9.78400000e+008,#N/A
,,,9.79200000e+008,#N/A
,,,9.80000000e+008,#N/A
,,,9.80800000e+008,#N/A
,,,9.81600000e+008,#N/A
,,,9.82400000e+008,#N/A
,,,9.83200000e+008,#N/A
,,,9.84000000e+008,#N/A
,,,9.84800000e+008,#N/A
,,,9.85600000e+008,#N/A
,,,9.86400000e+008,#N/A
,,,9.87200000e+008,#N/A
,,,9.88000000e+008,#N/A
,,,9.88800000e+008,#N/A
,,,9.89600000e+008,#N/A
,,,9.90400000e+008,#N/A
,,,9.91200000e+008,#N/A
,,,9.92000000e+008,#N/A
,,,9.92800000e+008,#N/A
,,,9.93600000e+008,#N/A
,,,9.94400000e+008,#N/A
,,,9.95200000e+008,#N/A
,,,9.96000000e+008,#N/A
,,,9.96800000e+008,#N/A
,,,9.97600000e+008,#N/A
,,,9.98400000e+008,#N/A
,,,9.99200000e+008,#N/A
,,,1.00000000e+009,#N/A
,,,1.00080000e+009,#N/A
,,,1.00160000e+009,#N/A
,,,1.00240000e+009,#N/A
,,,1.00320000e+009,#N/A
,,,1.00400000e+009,#N/A
,,,1.00480000e+009,#N/A
,,,1.00560000e+009,#N/A
,,,1.00640000e+009,#N/A
,,,1.00720000e+009,#N/A
,,,1.00800000e+009,#N/A
,,,1.00880000e+009,#N/A
,,,1.00960000e+009,#N/A
,,,1.01040000e+009,#N/A
,,,1.01120000e+009,#N/A
,,,1.01200000e+009,#N/A
,,,1.01280000e+009,#N/A
,,,1.01360000e+009,#N/A
,,,1.01440000e+009,#N/A
,,,1.01520000e+009,#N/A
,,,1.01600000e+009,#N/A
,,,1.01680000e+009,#N/A
,,,1.01760000e+009,#N/A
,,,1.01840000e+009,#N/A
,,,1.01920000e+009,#N/A
,,,1.02000000e+009,#N/A
,,,1.02080000e+009,#N/A
,,,1.02160000e+009,#N/A
,,,1.02240000e+009,#N/A
,,,1.02320000e+009,#N/A
,,,1.02400000e+009,#N/A
,,,1.02480000e+009,#N/A
,,,1.02560000e+009,#N/A
,,,1.02640000e+009,#N/A
,,,1.02720000e+009,#N/A
,,,1.02800000e+009,#N/A
,,,1.02880000e+009,#N/A
,,,1.02960000e+009,#N/A
,,,1.03040000e+009,#N/A
,,,1.03120000e+009,#N/A
,,,1.03200000e+009,#N/A
,,,1.03280000e+009,#N/A
,,,1.03360000e+009,#N/A
,,,1.03440000e+009,#N/A
,,,1.03520000e+009,#N/A
,,,1.03600000e+009,#N/A
,,,1.03680000e+009,#N/A
,,,1.03760000e+009,#N/A
,,,1.03840000e+009,#N/A
,,,1.03920000e+009,#N/A
,,,1.04000000e+009,#N/A
,,,1.04080000e+009,#N/A
,,,1.04160000e+009,#N/A
,,,1.04240000e+009,#N/A
,,,1.04320000e+009,#N/A
,,,1.04400000e+009,#N/A
,,,1.04480000e+009,#N/A
,,,1.04560000e+009,#N/A
,,,1.04640000e+009,#N/A
,,,1.04720000e+009,#N/A
,,,1.04800000e+009,#N/A
,,,1.04880000e+009,#N/A
,,,1.04960000e+009,#N/A
,,,1.05040000e+009,#N/A
,,,1.05120000e+009,#N/A
,,,1.05200000e+009,#N/A
,,,1.05280000e+009,#N/A
,,,1.05360000e+009,#N/A
,,,1.05440000e+009,#N/A
,,,1.05520000e+009,#N/A
,,,1.05600000e+009,#N/A
,,,1.05680000e+009,#N/A
,,,1.05760000e+009,#N/A
,,,1.05840000e+009,#N/A
,,,1.05920000e+009,#N/A
,,,1.06000000e+009,#N/A
,,,1.06080000e+009,#N/A
,,,1.06160000e+009,#N/A
,,,1.06240000e+009,#N/A
,,,1.06320000e+009,#N/A
,,,1.06400000e+009,#N/A
,,,1.06480000e+009,#N/A
,,,1.06560000e+009,#N/A
,,,1.06640000e+009,#N/A
,,,1.06720000e+009,#N/A
,,,1.06800000e+009,#N/A
,,,1.06880000e+009,#N/A
,,,1.06960000e+009,#N/A
,,,1.07040000e+009,#N/A
,,,1.07120000e+009,#N/A
,,,1.07200000e+009,#N/A
,,,1.07280000e+009,#N/A
,,,1.07360000e+009,#N/A
,,,1.07440000e+009,#N/A
,,,1.07520000e+009,#N/A
,,,1.07600000e+009,#N/A
,,,1.07680000e+009,#N/A
,,,1.07760000e+009,#N/A
,,,1.07840000e+009,#N/A
,,,1.07920000e+009,#N/A
,,,1.08000000e+009,#N/A
,,,1.08080000e+009,#N/A
,,,1.08160000e+009,#N/A
,,,1.08240000e+009,#N/A
,,,1.08320000e+009,#N/A
,,,1.08400000e+009,#N/A
,,,1.08480000e+009,#N/A
,,,1.08560000e+009,#N/A
,,,1.08640000e+009,#N/A
,,,1.08720000e+009,#N/A
,,,1.08800000e+009,#N/A
,,,1.08880000e+009,#N/A
,,,1.08960000e+009,#N/A
,,,1.09040000e+009,#N/A
,,,1.09120000e+009,#N/A
,,,1.09200000e+009,#N/A
,,,1.09280000e+009,#N/A
,,,1.09360000e+009,#N/A
,,,1.09440000e+009,#N/A
,,,1.09520000e+009,#N/A
,,,1.09600000e+009,#N/A
,,,1.09680000e+009,#N/A
,,,1.09760000e+009,#N/A
,,,1.09840000e+009,#N/A
,,,1.09920000e+009,#N/A
,,,1.10000000e+009,#N/A
,,,1.10080000e+009,#N/A
,,,1.10160000e+009,#N/A
,,,1.10240000e+009,#N/A
,,,1.10320000e+009,#N/A
,,,1.10400000e+009,#N/A
,,,1.10480000e+009,#N/A
,,,1.10560000e+009,#N/A
,,,1.10640000e+009,#N/A
,,,1.10720000e+009,#N/A
,,,1.10800000e+009,#N/A
,,,1.10880000e+009,#N/A
,,,1.10960000e+009,#N/A
,,,1.11040000e+009,#N/A
,,,1.11120000e+009,#N/A
,,,1.11200000e+009,#N/A
,,,1.11280000e+009,#N/A
,,,1.11360000e+009,#N/A
,,,1.11440000e+009,#N/A
,,,1.11520000e+009,#N/A
,,,1.11600000e+009,#N/A
,,,1.11680000e+009,#N/A
,,,1.11760000e+009,#N/A
,,,1.11840000e+009,#N/A
,,,1.11920000e+009,#N/A
,,,1.12000000e+009,#N/A
,,,1.12080000e+009,#N/A
,,,1.12160000e+009,#N/A
,,,1.12240000e+009,#N/A
,,,1.12320000e+009,#N/A
,,,1.12400000e+009,#N/A
,,,1.12480000e+009,#N/A
,,,1.12560000e+009,#N/A
,,,1.12640000e+009,#N/A
,,,1.12720000e+009,#N/A
,,,1.12800000e+009,#N/A
,,,1.12880000e+009,#N/A
,,,1.12960000e+009,#N/A
,,,1.13040000e+009,#N/A
,,,1.13120000e+009,#N/A
,,,1.13200000e+009,#N/A
,,,1.13280000e+009,#N/A
,,,1.13360000e+009,#N/A
,,,1.13440000e+009,#N/A
,,,1.13520000e+009,#N/A
,,,1.13600000e+009,#N/A
,,,1.13680000e+009,#N/A
,,,1.13760000e+009,#N/A
,,,1.13840000e+009,#N/A
,,,1.13920000e+009,#N/A
,,,1.14000000e+009,#N/A
,,,1.14080000e+009,#N/A
,,,1.14160000e+009,#N/A
,,,1.14240000e+009,#N/A
,,,1.14320000e+009,#N/A
,,,1.14400000e+009,#N/A
,,,1.14480000e+009,#N/A
,,,1.14560000e+009,#N/A
,,,1.14640000e+009,#N/A
,,,1.14720000e+009,#N/A
,,,1.14800000e+009,#N/A
,,,1.14880000e+009,#N/A
,,,1.14960000e+009,#N/A
,,,1.15040000e+009,#N/A
,,,1.15120000e+009,#N/A
,,,1.15200000e+009,#N/A
,,,1.15280000e+009,#N/A
,,,1.15360000e+009,#N/A
,,,1.15440000e+009,#N/A
,,,1.15520000e+009,#N/A
,,,1.15600000e+009,#N/A
,,,1.15680000e+009,#N/A
,,,1.15760000e+009,#N/A
,,,1.15840000e+009,#N/A
,,,1.15920000e+009,#N/A
,,,1.16000000e+009,#N/A
,,,1.16080000e+009,#N/A
,,,1.16160000e+009,#N/A
,,,1.16240000e+009,#N/A
,,,1.16320000e+009,#N/A
,,,1.16400000e+009,#N/A
,,,1.16480000e+009,#N/A
,,,1.16560000e+009,#N/A
,,,1.16640000e+009,#N/A
,,,1.16720000e+009,#N/A
,,,1.16800000e+009,#N/A
,,,1.16880000e+009,#N/A
,,,1.16960000e+009,#N/A
,,,1.17040000e+009,#N/A
,,,1.17120000e+009,#N/A
,,,1.17200000e+009,#N/A
,,,1.17280000e+009,#N/A
,,,1.17360000e+009,#N/A
,,,1.17440000e+009,#N/A
,,,1.17520000e+009,#N/A
,,,1.17600000e+009,#N/A
,,,1.17680000e+009,#N/A
,,,1.17760000e+009,#N/A
,,,1.17840000e+009,#N/A
,,,1.17920000e+009,#N/A
,,,1.18000000e+009,#N/A
,,,1.18080000e+009,#N/A
,,,1.18160000e+009,#N/A
,,,1.18240000e+009,#N/A
,,,1.18320000e+009,#N/A
,,,1.18400000e+009,#N/A
,,,1.18480000e+009,#N/A
,,,1.18560000e+009,#N/A
,,,1.18640000e+009,#N/A
,,,1.18720000e+009,#N/A
,,,1.18800000e+009,#N/A
,,,1.18880000e+009,#N/A
,,,1.18960000e+009,#N/A
,,,1.19040000e+009,#N/A
,,,1.19120000e+009,#N/A
,,,1.19200000e+009,#N/A
,,,1.19280000e+009,#N/A
,,,1.19360000e+009,#N/A
,,,1.19440000e+009,#N/A
,,,1.19520000e+009,#N/A
,,,1.19600000e+009,#N/A
,,,1.19680000e+009,#N/A
,,,1.19760000e+009,#N/A
,,,1.19840000e+009,#N/A
,,,1.19920000e+009,#N/A
,,,1.20000000e+009,#N/A
,,,1.20080000e+009,#N/A
,,,1.20160000e+009,#N/A
,,,1.20240000e+009,#N/A
,,,1.20320000e+009,#N/A
,,,1.20400000e+009,#N/A
,,,1.20480000e+009,#N/A
,,,1.20560000e+009,#N/A
,,,1.20640000e+009,#N/A
,,,1.20720000e+009,#N/A
,,,1.20800000e+009,#N/A
,,,1.20880000e+009,#N/A
,,,1.20960000e+009,#N/A
,,,1.21040000e+009,#N/A
,,,1.21120000e+009,#N/A
,,,1.21200000e+009,#N/A
,,,1.21280000e+009,#N/A
,,,1.21360000e+009,#N/A
,,,1.21440000e+009,#N/A
,,,1.21520000e+009,#N/A
,,,1.21600000e+009,#N/A
,,,1.21680000e+009,#N/A
,,,1.21760000e+009,#N/A
,,,1.21840000e+009,#N/A
,,,1.21920000e+009,#N/A
,,,1.22000000e+009,#N/A
,,,1.22080000e+009,#N/A
,,,1.22160000e+009,#N/A
,,,1.22240000e+009,#N/A
,,,1.22320000e+009,#N/A
,,,1.22400000e+009,#N/A
,,,1.22480000e+009,#N/A
,,,1.22560000e+009,#N/A
,,,1.22640000e+009,#N/A
,,,1.22720000e+009,#N/A
,,,1.22800000e+009,#N/A
,,,1.22880000e+009,#N/A
,,,1.22960000e+009,#N/A
,,,1.23040000e+009,#N/A
,,,1.23120000e+009,#N/A
,,,1.23200000e+009,#N/A
,,,1.23280000e+009,#N/A
,,,1.23360000e+009,#N/A
,,,1.23440000e+009,#N/A
,,,1.23520000e+009,#N/A
,,,1.23600000e+009,#N/A
,,,1.23680000e+009,#N/A
,,,1.23760000e+009,#N/A
,,,1.23840000e+009,#N/A
,,,1.23920000e+009,#N/A
,,,1.24000000e+009,#N/A
,,,1.24080000e+009,#N/A
,,,1.24160000e+009,#N/A
,,,1.24240000e+009,#N/A
,,,1.24320000e+009,#N/A
,,,1.24400000e+009,#N/A
,,,1.24480000e+009,#N/A
,,,1.24560000e+009,#N/A
,,,1.24640000e+009,#N/A
,,,1.24720000e+009,#N/A
,,,1.24800000e+009,#N/A
,,,1.24880000e+009,#N/A
,,,1.24960000e+009,#N/A
,,,1.25040000e+009,#N/A
,,,1.25120000e+009,#N/A
,,,1.25200000e+009,#N/A
,,,1.25280000e+009,#N/A
,,,1.25360000e+009,#N/A
,,,1.25440000e+009,#N/A
,,,1.25520000e+009,#N/A
,,,1.25600000e+009,#N/A
,,,1.25680000e+009,#N/A
,,,1.25760000e+009,#N/A
,,,1.25840000e+009,#N/A
,,,1.25920000e+009,#N/A
,,,1.26000000e+009,#N/A
,,,1.26080000e+009,#N/A
,,,1.26160000e+009,#N/A
,,,1.26240000e+009,#N/A
,,,1.26320000e+009,#N/A
,,,1.26400000e+009,#N/A
,,,1.26480000e+009,#N/A
,,,1.26560000e+009,#N/A
,,,1.26640000e+009,#N/A
,,,1.26720000e+009,#N/A
,,,1.26800000e+009,#N/A
,,,1.26880000e+009,#N/A
,,,1.26960000e+009,#N/A
,,,1.27040000e+009,#N/A
,,,1.27120000e+009,#N/A
,,,1.27200000e+009,#N/A
,,,1.27280000e+009,#N/A
,,,1.27360000e+009,#N/A
,,,1.27440000e+009,#N/A
,,,1.27520000e+009,#N/A
,,,1.27600000e+009,#N/A
,,,1.27680000e+009,#N/A
,,,1.27760000e+009,#N/A
,,,1.27840000e+009,#N/A
,,,1.27920000e+009,#N/A
,,,1.28000000e+009,#N/A
,,,1.28080000e+009,#N/A
,,,1.28160000e+009,#N/A
,,,1.28240000e+009,#N/A
,,,1.28320000e+009,#N/A
,,,1.28400000e+009,#N/A
,,,1.28480000e+009,#N/A
,,,1.28560000e+009,#N/A
,,,1.28640000e+009,#N/A
,,,1.28720000e+009,#N/A
,,,1.28800000e+009,#N/A
,,,1.28880000e+009,#N/A
,,,1.28960000e+009,#N/A
,,,1.29040000e+009,#N/A
,,,1.29120000e+009,#N/A
,,,1.29200000e+009,#N/A
,,,1.29280000e+009,#N/A
,,,1.29360000e+009,#N/A
,,,1.29440000e+009,#N/A
,,,1.29520000e+009,#N/A
,,,1.29600000e+009,#N/A
,,,1.29680000e+009,#N/A
,,,1.29760000e+009,#N/A
,,,1.29840000e+009,#N/A
,,,1.29920000e+009,#N/A
,,,1.30000000e+009,#N/A
,,,1.30080000e+009,#N/A
,,,1.30160000e+009,#N/A
,,,1.30240000e+009,#N/A
,,,1.30320000e+009,#N/A
,,,1.30400000e+009,#N/A
,,,1.30480000e+009,#N/A
,,,1.30560000e+009,#N/A
,,,1.30640000e+009,#N/A
,,,1.30720000e+009,#N/A
,,,1.30800000e+009,#N/A
,,,1.30880000e+009,#N/A
,,,1.30960000e+009,#N/A
,,,1.31040000e+009,#N/A
,,,1.31120000e+009,#N/A
,,,1.31200000e+009,#N/A
,,,1.31280000e+009,#N/A
,,,1.31360000e+009,#N/A
,,,1.31440000e+009,#N/A
,,,1.31520000e+009,#N/A
,,,1.31600000e+009,#N/A
,,,1.31680000e+009,#N/A
,,,1.31760000e+009,#N/A
,,,1.31840000e+009,#N/A
,,,1.31920000e+009,#N/A
,,,1.32000000e+009,#N/A
,,,1.32080000e+009,#N/A
,,,1.32160000e+009,#N/A
,,,1.32240000e+009,#N/A
,,,1.32320000e+009,#N/A
,,,1.32400000e+009,#N/A
,,,1.32480000e+009,#N/A
,,,1.32560000e+009,#N/A
,,,1.32640000e+009,#N/A
,,,1.32720000e+009,#N/A
,,,1.32800000e+009,#N/A
,,,1.32880000e+009,#N/A
,,,1.32960000e+009,#N/A
,,,1.33040000e+009,#N/A
,,,1.33120000e+009,#N/A
,,,1.33200000e+009,#N/A
,,,1.33280000e+009,#N/A
,,,1.33360000e+009,#N/A
,,,1.33440000e+009,#N/A
,,,1.33520000e+009,#N/A
,,,1.33600000e+009,#N/A
,,,1.33680000e+009,#N/A
,,,1.33760000e+009,#N/A
,,,1.33840000e+009,#N/A
,,,1.33920000e+009,#N/A
,,,1.34000000e+009,#N/A
,,,1.34080000e+009,#N/A
,,,1.34160000e+009,#N/A
,,,1.34240000e+009,#N/A
,,,1.34320000e+009,#N/A
,,,1.34400000e+009,#N/A
,,,1.34480000e+009,#N/A
,,,1.34560000e+009,#N/A
,,,1.34640000e+009,#N/A
,,,1.34720000e+009,#N/A
,,,1.34800000e+009,#N/A
,,,1.34880000e+009,#N/A
,,,1.34960000e+009,#N/A
,,,1.35040000e+009,#N/A
,,,1.35120000e+009,#N/A
,,,1.35200000e+009,#N/A
,,,1.35280000e+009,#N/A
,,,1.35360000e+009,#N/A
,,,1.35440000e+009,#N/A
,,,1.35520000e+009,#N/A
,,,1.35600000e+009,#N/A
,,,1.35680000e+009,#N/A
,,,1.35760000e+009,#N/A
,,,1.35840000e+009,#N/A
,,,1.35920000e+009,#N/A
,,,1.36000000e+009,#N/A
,,,1.36080000e+009,#N/A
,,,1.36160000e+009,#N/A
,,,1.36240000e+009,#N/A
,,,1.36320000e+009,#N/A
,,,1.36400000e+009,#N/A
,,,1.36480000e+009,#N/A
,,,1.36560000e+009,#N/A
,,,1.36640000e+009,#N/A
,,,1.36720000e+009,#N/A
,,,1.36800000e+009,#N/A
,,,1.36880000e+009,#N/A
,,,1.36960000e+009,#N/A
,,,1.37040000e+009,#N/A
,,,1.37120000e+009,#N/A
,,,1.37200000e+009,#N/A
,,,1.37280000e+009,#N/A
,,,1.37360000e+009,#N/A
,,,1.37440000e+009,#N/A
,,,1.37520000e+009,#N/A
,,,1.37600000e+009,#N/A
,,,1.37680000e+009,#N/A
,,,1.37760000e+009,#N/A
,,,1.37840000e+009,#N/A
,,,1.37920000e+009,#N/A
,,,1.38000000e+009,#N/A
,,,1.38080000e+009,#N/A
,,,1.38160000e+009,#N/A
,,,1.38240000e+009,#N/A
,,,1.38320000e+009,#N/A
,,,1.38400000e+009,#N/A
,,,1.38480000e+009,#N/A
,,,1.38560000e+009,#N/A
,,,1.38640000e+009,#N/A
,,,1.38720000e+009,#N/A
,,,1.38800000e+009,#N/A
,,,1.38880000e+009,#N/A
,,,1.38960000e+009,#N/A
,,,1.39040000e+009,#N/A
,,,1.39120000e+009,#N/A
,,,1.39200000e+009,#N/A
,,,1.39280000e+009,#N/A
,,,1.39360000e+009,#N/A
,,,1.39440000e+009,#N/A
,,,1.39520000e+009,#N/A
,,,1.39600000e+009,#N/A
,,,1.39680000e+009,#N/A
,,,1.39760000e+009,#N/A
,,,1.39840000e+009,#N/A
,,,1.39920000e+009,#N/A
,,,1.40000000e+009,#N/A
,,,1.40080000e+009,#N/A
,,,1.40160000e+009,#N/A
,,,1.40240000e+009,#N/A
,,,1.40320000e+009,#N/A
,,,1.40400000e+009,#N/A
,,,1.40480000e+009,#N/A
,,,1.40560000e+009,#N/A
,,,1.40640000e+009,#N/A
,,,1.40720000e+009,#N/A
,,,1.40800000e+009,#N/A
,,,1.40880000e+009,#N/A
,,,1.40960000e+009,#N/A
,,,1.41040000e+009,#N/A
,,,1.41120000e+009,#N/A
,,,1.41200000e+009,#N/A
,,,1.41280000e+009,#N/A
,,,1.41360000e+009,#N/A
,,,1.41440000e+009,#N/A
,,,1.41520000e+009,#N/A
,,,1.41600000e+009,#N/A
,,,1.41680000e+009,#N/A
,,,1.41760000e+009,#N/A
,,,1.41840000e+009,#N/A
,,,1.41920000e+009,#N/A
,,,1.42000000e+009,#N/A
,,,1.42080000e+009,#N/A
,,,1.42160000e+009,#N/A
,,,1.42240000e+009,#N/A
,,,1.42320000e+009,#N/A
,,,1.42400000e+009,#N/A
,,,1.42480000e+009,#N/A
,,,1.42560000e+009,#N/A
,,,1.42640000e+009,#N/A
,,,1.42720000e+009,#N/A
,,,1.42800000e+009,#N/A
,,,1.42880000e+009,#N/A
,,,1.42960000e+009,#N/A
,,,1.43040000e+009,#N/A
,,,1.43120000e+009,#N/A
,,,1.43200000e+009,#N/A
,,,1.43280000e+009,#N/A
,,,1.43360000e+009,#N/A
,,,1.43440000e+009,#N/A
,,,1.43520000e+009,#N/A
,,,1.43600000e+009,#N/A
,,,1.43680000e+009,#N/A
,,,1.43760000e+009,#N/A
,,,1.43840000e+009,#N/A
,,,1.43920000e+009,#N/A
,,,1.44000000e+009,#N/A
,,,1.44080000e+009,#N/A
,,,1.44160000e+009,#N/A
,,,1.44240000e+009,#N/A
,,,1.44320000e+009,#N/A
,,,1.44400000e+009,#N/A
,,,1.44480000e+009,#N/A
,,,1.44560000e+009,#N/A
,,,1.44640000e+009,#N/A
,,,1.44720000e+009,#N/A
,,,1.44800000e+009,#N/A
,,,1.44880000e+009,#N/A
,,,1.44960000e+009,#N/A
,,,1.45040000e+009,#N/A
,,,1.45120000e+009,#N/A
,,,1.45200000e+009,#N/A
,,,1.45280000e+009,#N/A
,,,1.45360000e+009,#N/A
,,,1.45440000e+009,#N/A
,,,1.45520000e+009,#N/A
,,,1.45600000e+009,#N/A
,,,1.45680000e+009,#N/A
,,,1.45760000e+009,#N/A
,,,1.45840000e+009,#N/A
,,,1.45920000e+009,#N/A
,,,1.46000000e+009,#N/A
,,,1.46080000e+009,#N/A
,,,1.46160000e+009,#N/A
,,,1.46240000e+009,#N/A
,,,1.46320000e+009,#N/A
,,,1.46400000e+009,#N/A
,,,1.46480000e+009,#N/A
,,,1.46560000e+009,#N/A
,,,1.46640000e+009,#N/A
,,,1.46720000e+009,#N/A
,,,1.46800000e+009,#N/A
,,,1.46880000e+009,#N/A
,,,1.46960000e+009,#N/A
,,,1.47040000e+009,#N/A
,,,1.47120000e+009,#N/A
,,,1.47200000e+009,#N/A
,,,1.47280000e+009,#N/A
,,,1.47360000e+009,#N/A
,,,1.47440000e+009,#N/A
,,,1.47520000e+009,#N/A
,,,1.47600000e+009,#N/A
,,,1.47680000e+009,#N/A
,,,1.47760000e+009,#N/A
,,,1.47840000e+009,#N/A
,,,1.47920000e+009,#N/A
,,,1.48000000e+009,#N/A
,,,1.48080000e+009,#N/A
,,,1.48160000e+009,#N/A
,,,1.48240000e+009,#N/A
,,,1.48320000e+009,#N/A
,,,1.48400000e+009,#N/A
,,,1.48480000e+009,#N/A
,,,1.48560000e+009,#N/A
,,,1.48640000e+009,#N/A
,,,1.48720000e+009,#N/A
,,,1.48800000e+009,#N/A
,,,1.48880000e+009,#N/A
,,,1.48960000e+009,#N/A
,,,1.49040000e+009,#N/A
,,,1.49120000e+009,#N/A
,,,1.49200000e+009,#N/A
,,,1.49280000e+009,#N/A
,,,1.49360000e+009,#N/A
,,,1.49440000e+009,#N/A
,,,1.49520000e+009,#N/A
,,,1.49600000e+009,#N/A
,,,1.49680000e+009,#N/A
,,,1.49760000e+009,#N/A
,,,1.49840000e+009,#N/A
,,,1.49920000e+009,#N/A
,,,1.50000000e+009,#N/A
,,,1.50080000e+009,#N/A
,,,1.50160000e+009,#N/A
,,,1.50240000e+009,#N/A
,,,1.50320000e+009,#N/A
,,,1.50400000e+009,#N/A
,,,1.50480000e+009,#N/A
,,,1.50560000e+009,#N/A
,,,1.50640000e+009,#N/A
,,,1.50720000e+009,#N/A
,,,1.50800000e+009,#N/A
,,,1.50880000e+009,#N/A
,,,1.50960000e+009,#N/A
,,,1.51040000e+009,#N/A
,,,1.51120000e+009,#N/A
,,,1.51200000e+009,#N/A
,,,1.51280000e+009,#N/A
,,,1.51360000e+009,#N/A
,,,1.51440000e+009,#N/A
,,,1.51520000e+009,#N/A
,,,1.51600000e+009,#N/A
,,,1.51680000e+009,#N/A
,,,1.51760000e+009,#N/A
,,,1.51840000e+009,#N/A
,,,1.51920000e+009,#N/A
,,,1.52000000e+009,#N/A
,,,1.52080000e+009,#N/A
,,,1.52160000e+009,#N/A
,,,1.52240000e+009,#N/A
,,,1.52320000e+009,#N/A
,,,1.52400000e+009,#N/A
,,,1.52480000e+009,#N/A
,,,1.52560000e+009,#N/A
,,,1.52640000e+009,#N/A
,,,1.52720000e+009,#N/A
,,,1.52800000e+009,#N/A
,,,1.52880000e+009,#N/A
,,,1.52960000e+009,#N/A
,,,1.53040000e+009,#N/A
,,,1.53120000e+009,#N/A
,,,1.53200000e+009,#N/A
,,,1.53280000e+009,#N/A
,,,1.53360000e+009,#N/A
,,,1.53440000e+009,#N/A
,,,1.53520000e+009,#N/A
,,,1.53600000e+009,#N/A
,,,1.53680000e+009,#N/A
,,,1.53760000e+009,#N/A
,,,1.53840000e+009,#N/A
,,,1.53920000e+009,#N/A
,,,1.54000000e+009,#N/A
,,,1.54080000e+009,#N/A
,,,1.54160000e+009,#N/A
,,,1.54240000e+009,#N/A
,,,1.54320000e+009,#N/A
,,,1.54400000e+009,#N/A
,,,1.54480000e+009,#N/A
,,,1.54560000e+009,#N/A
,,,1.54640000e+009,#N/A
,,,1.54720000e+009,#N/A
,,,1.54800000e+009,#N/A
,,,1.54880000e+009,#N/A
,,,1.54960000e+009,#N/A
,,,1.55040000e+009,#N/A
,,,1.55120000e+009,#N/A
,,,1.55200000e+009,#N/A
,,,1.55280000e+009,#N/A
,,,1.55360000e+009,#N/A
,,,1.55440000e+009,#N/A
,,,1.55520000e+009,#N/A
,,,1.55600000e+009,#N/A
,,,1.55680000e+009,#N/A
,,,1.55760000e+009,#N/A
,,,1.55840000e+009,#N/A
,,,1.55920000e+009,#N/A
,,,1.56000000e+009,#N/A
,,,1.56080000e+009,#N/A
,,,1.56160000e+009,#N/A
,,,1.56240000e+009,#N/A
,,,1.56320000e+009,#N/A
,,,1.56400000e+009,#N/A
,,,1.56480000e+009,#N/A
,,,1.56560000e+009,#N/A
,,,1.56640000e+009,#N/A
,,,1.56720000e+009,#N/A
,,,1.56800000e+009,#N/A
,,,1.56880000e+009,#N/A
,,,1.56960000e+009,#N/A
,,,1.57040000e+009,#N/A
,,,1.57120000e+009,#N/A
,,,1.57200000e+009,#N/A
,,,1.57280000e+009,#N/A
,,,1.57360000e+009,#N/A
,,,1.57440000e+009,#N/A
,,,1.57520000e+009,#N/A
,,,1.57600000e+009,#N/A
,,,1.57680000e+009,#N/A
,,,1.57760000e+009,#N/A
,,,1.57840000e+009,#N/A
,,,1.57920000e+009,#N/A
,,,1.58000000e+009,#N/A
,,,1.58080000e+009,#N/A
,,,1.58160000e+009,#N/A
,,,1.58240000e+009,#N/A
,,,1.58320000e+009,#N/A
,,,1.58400000e+009,#N/A
,,,1.58480000e+009,#N/A
,,,1.58560000e+009,#N/A
,,,1.58640000e+009,#N/A
,,,1.58720000e+009,#N/A
,,,1.58800000e+009,#N/A
,,,1.58880000e+009,#N/A
,,,1.58960000e+009,#N/A
,,,1.59040000e+009,#N/A
,,,1.59120000e+009,#N/A
,,,1.59200000e+009,#N/A
,,,1.59280000e+009,#N/A
,,,1.59360000e+009,#N/A
,,,1.59440000e+009,#N/A
,,,1.59520000e+009,#N/A
,,,1.59600000e+009,#N/A
,,,1.59680000e+009,#N/A
,,,1.59760000e+009,#N/A
,,,1.59840000e+009,#N/A
,,,1.59920000e+009,#N/A
,,,1.60000000e+009,#N/A
,,,1.60080000e+009,#N/A
,,,1.60160000e+009,#N/A
,,,1.60240000e+009,#N/A
,,,1.60320000e+009,#N/A
,,,1.60400000e+009,#N/A
,,,1.60480000e+009,#N/A
,,,1.60560000e+009,#N/A
,,,1.60640000e+009,#N/A
,,,1.60720000e+009,#N/A
,,,1.60800000e+009,#N/A
,,,1.60880000e+009,#N/A
,,,1.60960000e+009,#N/A
,,,1.61040000e+009,#N/A
,,,1.61120000e+009,#N/A
,,,1.61200000e+009,#N/A
,,,1.61280000e+009,#N/A
,,,1.61360000e+009,#N/A
,,,1.61440000e+009,#N/A
,,,1.61520000e+009,#N/A
,,,1.61600000e+009,#N/A
,,,1.61680000e+009,#N/A
,,,1.61760000e+009,#N/A
,,,1.61840000e+009,#N/A
,,,1.61920000e+009,#N/A
,,,1.62000000e+009,#N/A
,,,1.62080000e+009,#N/A
,,,1.62160000e+009,#N/A
,,,1.62240000e+009,#N/A
,,,1.62320000e+009,#N/A
,,,1.62400000e+009,#N/A
,,,1.62480000e+009,#N/A
,,,1.62560000e+009,#N/A
,,,1.62640000e+009,#N/A
,,,1.62720000e+009,#N/A
,,,1.62800000e+009,#N/A
,,,1.62880000e+009,#N/A
,,,1.62960000e+009,#N/A
,,,1.63040000e+009,#N/A
,,,1.63120000e+009,#N/A
,,,1.63200000e+009,#N/A
,,,1.63280000e+009,#N/A
,,,1.63360000e+009,#N/A
,,,1.63440000e+009,#N/A
,,,1.63520000e+009,#N/A
,,,1.63600000e+009,#N/A
,,,1.63680000e+009,#N/A
,,,1.63760000e+009,#N/A
,,,1.63840000e+009,#N/A
,,,1.63920000e+009,#N/A
,,,1.64000000e+009,#N/A
,,,1.64080000e+009,#N/A
,,,1.64160000e+009,#N/A
,,,1.64240000e+009,#N/A
,,,1.64320000e+009,#N/A
,,,1.64400000e+009,#N/A
,,,1.64480000e+009,#N/A
,,,1.64560000e+009,#N/A
,,,1.64640000e+009,#N/A
,,,1.64720000e+009,#N/A
,,,1.64800000e+009,#N/A
,,,1.64880000e+009,#N/A
,,,1.64960000e+009,#N/A
,,,1.65040000e+009,#N/A
,,,1.65120000e+009,#N/A
,,,1.65200000e+009,#N/A
,,,1.65280000e+009,#N/A
,,,1.65360000e+009,#N/A
,,,1.65440000e+009,#N/A
,,,1.65520000e+009,#N/A
,,,1.65600000e+009,#N/A
,,,1.65680000e+009,#N/A
,,,1.65760000e+009,#N/A
,,,1.65840000e+009,#N/A
,,,1.65920000e+009,#N/A
,,,1.66000000e+009,#N/A
,,,1.66080000e+009,#N/A
,,,1.66160000e+009,#N/A
,,,1.66240000e+009,#N/A
,,,1.66320000e+009,#N/A
,,,1.66400000e+009,#N/A
,,,1.66480000e+009,#N/A
,,,1.66560000e+009,#N/A
,,,1.66640000e+009,#N/A
,,,1.66720000e+009,#N/A
,,,1.66800000e+009,#N/A
,,,1.66880000e+009,#N/A
,,,1.66960000e+009,#N/A
,,,1.67040000e+009,#N/A
,,,1.67120000e+009,#N/A
,,,1.67200000e+009,#N/A
,,,1.67280000e+009,#N/A
,,,1.67360000e+009,#N/A
,,,1.67440000e+009,#N/A
,,,1.67520000e+009,#N/A
,,,1.67600000e+009,#N/A
,,,1.67680000e+009,#N/A
,,,1.67760000e+009,#N/A
,,,1.67840000e+009,#N/A
,,,1.67920000e+009,#N/A
,,,1.68000000e+009,#N/A
,,,1.68080000e+009,#N/A
,,,1.68160000e+009,#N/A
,,,1.68240000e+009,#N/A
,,,1.68320000e+009,#N/A
,,,1.68400000e+009,#N/A
,,,1.68480000e+009,#N/A
,,,1.68560000e+009,#N/A
,,,1.68640000e+009,#N/A
,,,1.68720000e+009,#N/A
,,,1.68800000e+009,#N/A
,,,1.68880000e+009,#N/A
,,,1.68960000e+009,#N/A
,,,1.69040000e+009,#N/A
,,,1.69120000e+009,#N/A
,,,1.69200000e+009,#N/A
,,,1.69280000e+009,#N/A
,,,1.69360000e+009,#N/A
,,,1.69440000e+009,#N/A
,,,1.69520000e+009,#N/A
,,,1.69600000e+009,#N/A
,,,1.69680000e+009,#N/A
,,,1.69760000e+009,#N/A
,,,1.69840000e+009,#N/A
,,,1.69920000e+009,#N/A
,,,1.70000000e+009,#N/A
,,,1.70080000e+009,#N/A
,,,1.70160000e+009,#N/A
,,,1.70240000e+009,#N/A
,,,1.70320000e+009,#N/A
,,,1.70400000e+009,#N/A
,,,1.70480000e+009,#N/A
,,,1.70560000e+009,#N/A
,,,1.70640000e+009,#N/A
,,,1.70720000e+009,#N/A
,,,1.70800000e+009,#N/A
,,,1.70880000e+009,#N/A
,,,1.70960000e+009,#N/A
,,,1.71040000e+009,#N/A
,,,1.71120000e+009,#N/A
,,,1.71200000e+009,#N/A
,,,1.71280000e+009,#N/A
,,,1.71360000e+009,#N/A
,,,1.71440000e+009,#N/A
,,,1.71520000e+009,#N/A
,,,1.71600000e+009,#N/A
,,,1.71680000e+009,#N/A
,,,1.71760000e+009,#N/A
,,,1.71840000e+009,#N/A
,,,1.71920000e+009,#N/A
,,,1.72000000e+009,#N/A
,,,1.72080000e+009,#N/A
,,,1.72160000e+009,#N/A
,,,1.72240000e+009,#N/A
,,,1.72320000e+009,#N/A
,,,1.72400000e+009,#N/A
,,,1.72480000e+009,#N/A
,,,1.72560000e+009,#N/A
,,,1.72640000e+009,#N/A
,,,1.72720000e+009,#N/A
,,,1.72800000e+009,#N/A
,,,1.72880000e+009,#N/A
,,,1.72960000e+009,#N/A
,,,1.73040000e+009,#N/A
,,,1.73120000e+009,#N/A
,,,1.73200000e+009,#N/A
,,,1.73280000e+009,#N/A
,,,1.73360000e+009,#N/A
,,,1.73440000e+009,#N/A
,,,1.73520000e+009,#N/A
,,,1.73600000e+009,#N/A
,,,1.73680000e+009,#N/A
,,,1.73760000e+009,#N/A
,,,1.73840000e+009,#N/A
,,,1.73920000e+009,#N/A
,,,1.74000000e+009,#N/A
,,,1.74080000e+009,#N/A
,,,1.74160000e+009,#N/A
,,,1.74240000e+009,#N/A
,,,1.74320000e+009,#N/A
,,,1.74400000e+009,#N/A
,,,1.74480000e+009,#N/A
,,,1.74560000e+009,#N/A
,,,1.74640000e+009,#N/A
,,,1.74720000e+009,#N/A
,,,1.74800000e+009,#N/A
,,,1.74880000e+009,#N/A
,,,1.74960000e+009,#N/A
,,,1.75040000e+009,#N/A
,,,1.75120000e+009,#N/A
,,,1.75200000e+009,#N/A
,,,1.75280000e+009,#N/A
,,,1.75360000e+009,#N/A
,,,1.75440000e+009,#N/A
,,,1.75520000e+009,#N/A
,,,1.75600000e+009,#N/A
,,,1.75680000e+009,#N/A
,,,1.75760000e+009,#N/A
,,,1.75840000e+009,#N/A
,,,1.75920000e+009,#N/A
,,,1.76000000e+009,#N/A
,,,1.76080000e+009,#N/A
,,,1.76160000e+009,#N/A
,,,1.76240000e+009,#N/A
,,,1.76320000e+009,#N/A
,,,1.76400000e+009,#N/A
,,,1.76480000e+009,#N/A
,,,1.76560000e+009,#N/A
,,,1.76640000e+009,#N/A
,,,1.76720000e+009,#N/A
,,,1.76800000e+009,#N/A
,,,1.76880000e+009,#N/A
,,,1.76960000e+009,#N/A
,,,1.77040000e+009,#N/A
,,,1.77120000e+009,#N/A
,,,1.77200000e+009,#N/A
,,,1.77280000e+009,#N/A
,,,1.77360000e+009,#N/A
,,,1.77440000e+009,#N/A
,,,1.77520000e+009,#N/A
,,,1.77600000e+009,#N/A
,,,1.77680000e+009,#N/A
,,,1.77760000e+009,#N/A
,,,1.77840000e+009,#N/A
,,,1.77920000e+009,#N/A
,,,1.78000000e+009,#N/A
,,,1.78080000e+009,#N/A
,,,1.78160000e+009,#N/A
,,,1.78240000e+009,#N/A
,,,1.78320000e+009,#N/A
,,,1.78400000e+009,#N/A
,,,1.78480000e+009,#N/A
,,,1.78560000e+009,#N/A
,,,1.78640000e+009,#N/A
,,,1.78720000e+009,#N/A
,,,1.78800000e+009,#N/A
,,,1.78880000e+009,#N/A
,,,1.78960000e+009,#N/A
,,,1.79040000e+009,#N/A
,,,1.79120000e+009,#N/A
,,,1.79200000e+009,#N/A
,,,1.79280000e+009,#N/A
,,,1.79360000e+009,#N/A
,,,1.79440000e+009,#N/A
,,,1.79520000e+009,#N/A
,,,1.79600000e+009,#N/A
,,,1.79680000e+009,#N/A
,,,1.79760000e+009,#N/A
,,,1.79840000e+009,#N/A
,,,1.79920000e+009,#N/A
,,,1.80000000e+009,#N/A
,,,1.80080000e+009,#N/A
,,,1.80160000e+009,#N/A
,,,1.80240000e+009,#N/A
,,,1.80320000e+009,#N/A
,,,1.80400000e+009,#N/A
,,,1.80480000e+009,#N/A
,,,1.80560000e+009,#N/A
,,,1.80640000e+009,#N/A
,,,1.80720000e+009,#N/A
,,,1.80800000e+009,#N/A
,,,1.80880000e+009,#N/A
,,,1.80960000e+009,#N/A
,,,1.81040000e+009,#N/A
,,,1.81120000e+009,#N/A
,,,1.81200000e+009,#N/A
,,,1.81280000e+009,#N/A
,,,1.81360000e+009,#N/A
,,,1.81440000e+009,#N/A
,,,1.81520000e+009,#N/A
,,,1.81600000e+009,#N/A
,,,1.81680000e+009,#N/A
,,,1.81760000e+009,#N/A
,,,1.81840000e+009,#N/A
,,,1.81920000e+009,#N/A
,,,1.82000000e+009,#N/A
,,,1.82080000e+009,#N/A
,,,1.82160000e+009,#N/A
,,,1.82240000e+009,#N/A
,,,1.82320000e+009,#N/A
,,,1.82400000e+009,#N/A
,,,1.82480000e+009,#N/A
,,,1.82560000e+009,#N/A
,,,1.82640000e+009,#N/A
,,,1.82720000e+009,#N/A
,,,1.82800000e+009,#N/A
,,,1.82880000e+009,#N/A
,,,1.82960000e+009,#N/A
,,,1.83040000e+009,#N/A
,,,1.83120000e+009,#N/A
,,,1.83200000e+009,#N/A
,,,1.83280000e+009,#N/A
,,,1.83360000e+009,#N/A
,,,1.83440000e+009,#N/A
,,,1.83520000e+009,#N/A
,,,1.83600000e+009,#N/A
,,,1.83680000e+009,#N/A
,,,1.83760000e+009,#N/A
,,,1.83840000e+009,#N/A
,,,1.83920000e+009,#N/A
,,,1.84000000e+009,#N/A
,,,1.84080000e+009,#N/A
,,,1.84160000e+009,#N/A
,,,1.84240000e+009,#N/A
,,,1.84320000e+009,#N/A
,,,1.84400000e+009,#N/A
,,,1.84480000e+009,#N/A
,,,1.84560000e+009,#N/A
,,,1.84640000e+009,#N/A
,,,1.84720000e+009,#N/A
,,,1.84800000e+009,#N/A
,,,1.84880000e+009,#N/A
,,,1.84960000e+009,#N/A
,,,1.85040000e+009,#N/A
,,,1.85120000e+009,#N/A
,,,1.85200000e+009,#N/A
,,,1.85280000e+009,#N/A
,,,1.85360000e+009,#N/A
,,,1.85440000e+009,#N/A
,,,1.85520000e+009,#N/A
,,,1.85600000e+009,#N/A
,,,1.85680000e+009,#N/A
,,,1.85760000e+009,#N/A
,,,1.85840000e+009,#N/A
,,,1.85920000e+009,#N/A
,,,1.86000000e+009,#N/A
,,,1.86080000e+009,#N/A
,,,1.86160000e+009,#N/A
,,,1.86240000e+009,#N/A
,,,1.86320000e+009,#N/A
,,,1.86400000e+009,#N/A
,,,1.86480000e+009,#N/A
,,,1.86560000e+009,#N/A
,,,1.86640000e+009,#N/A
,,,1.86720000e+009,#N/A
,,,1.86800000e+009,#N/A
,,,1.86880000e+009,#N/A
,,,1.86960000e+009,#N/A
,,,1.87040000e+009,#N/A
,,,1.87120000e+009,#N/A
,,,1.87200000e+009,#N/A
,,,1.87280000e+009,#N/A
,,,1.87360000e+009,#N/A
,,,1.87440000e+009,#N/A
,,,1.87520000e+009,#N/A
,,,1.87600000e+009,#N/A
,,,1.87680000e+009,#N/A
,,,1.87760000e+009,#N/A
,,,1.87840000e+009,#N/A
,,,1.87920000e+009,#N/A
,,,1.88000000e+009,#N/A
,,,1.88080000e+009,#N/A
,,,1.88160000e+009,#N/A
,,,1.88240000e+009,#N/A
,,,1.88320000e+009,#N/A
,,,1.88400000e+009,#N/A
,,,1.88480000e+009,#N/A
,,,1.88560000e+009,#N/A
,,,1.88640000e+009,#N/A
,,,1.88720000e+009,#N/A
,,,1.88800000e+009,#N/A
,,,1.88880000e+009,#N/A
,,,1.88960000e+009,#N/A
,,,1.89040000e+009,#N/A
,,,1.89120000e+009,#N/A
,,,1.89200000e+009,#N/A
,,,1.89280000e+009,#N/A
,,,1.89360000e+009,#N/A
,,,1.89440000e+009,#N/A
,,,1.89520000e+009,#N/A
,,,1.89600000e+009,#N/A
,,,1.89680000e+009,#N/A
,,,1.89760000e+009,#N/A
,,,1.89840000e+009,#N/A
,,,1.89920000e+009,#N/A
,,,1.90000000e+009,#N/A
,,,1.90080000e+009,#N/A
,,,1.90160000e+009,#N/A
,,,1.90240000e+009,#N/A
,,,1.90320000e+009,#N/A
,,,1.90400000e+009,#N/A
,,,1.90480000e+009,#N/A
,,,1.90560000e+009,#N/A
,,,1.90640000e+009,#N/A
,,,1.90720000e+009,#N/A
,,,1.90800000e+009,#N/A
,,,1.90880000e+009,#N/A
,,,1.90960000e+009,#N/A
,,,1.91040000e+009,#N/A
,,,1.91120000e+009,#N/A
,,,1.91200000e+009,#N/A
,,,1.91280000e+009,#N/A
,,,1.91360000e+009,#N/A
,,,1.91440000e+009,#N/A
,,,1.91520000e+009,#N/A
,,,1.91600000e+009,#N/A
,,,1.91680000e+009,#N/A
,,,1.91760000e+009,#N/A
,,,1.91840000e+009,#N/A
,,,1.91920000e+009,#N/A
,,,1.92000000e+009,#N/A
,,,1.92080000e+009,#N/A
,,,1.92160000e+009,#N/A
,,,1.92240000e+009,#N/A
,,,1.92320000e+009,#N/A
,,,1.92400000e+009,#N/A
,,,1.92480000e+009,#N/A
,,,1.92560000e+009,#N/A
,,,1.92640000e+009,#N/A
,,,1.92720000e+009,#N/A
,,,1.92800000e+009,#N/A
,,,1.92880000e+009,#N/A
,,,1.92960000e+009,#N/A
,,,1.93040000e+009,#N/A
,,,1.93120000e+009,#N/A
,,,1.93200000e+009,#N/A
,,,1.93280000e+009,#N/A
,,,1.93360000e+009,#N/A
,,,1.93440000e+009,#N/A
,,,1.93520000e+009,#N/A
,,,1.93600000e+009,#N/A
,,,1.93680000e+009,#N/A
,,,1.93760000e+009,#N/A
,,,1.93840000e+009,#N/A
,,,1.93920000e+009,#N/A
,,,1.94000000e+009,#N/A
,,,1.94080000e+009,#N/A
,,,1.94160000e+009,#N/A
,,,1.94240000e+009,#N/A
,,,1.94320000e+009,#N/A
,,,1.94400000e+009,#N/A
,,,1.94480000e+009,#N/A
,,,1.94560000e+009,#N/A
,,,1.94640000e+009,#N/A
,,,1.94720000e+009,#N/A
,,,1.94800000e+009,#N/A
,,,1.94880000e+009,#N/A
,,,1.94960000e+009,#N/A
,,,1.95040000e+009,#N/A
,,,1.95120000e+009,#N/A
,,,1.95200000e+009,#N/A
,,,1.95280000e+009,#N/A
,,,1.95360000e+009,#N/A
,,,1.95440000e+009,#N/A
,,,1.95520000e+009,#N/A
,,,1.95600000e+009,#N/A
,,,1.95680000e+009,#N/A
,,,1.95760000e+009,#N/A
,,,1.95840000e+009,#N/A
,,,1.95920000e+009,#N/A
,,,1.96000000e+009,#N/A
,,,1.96080000e+009,#N/A
,,,1.96160000e+009,#N/A
,,,1.96240000e+009,#N/A
,,,1.96320000e+009,#N/A
,,,1.96400000e+009,#N/A
,,,1.96480000e+009,#N/A
,,,1.96560000e+009,#N/A
,,,1.96640000e+009,#N/A
,,,1.96720000e+009,#N/A
,,,1.96800000e+009,#N/A
,,,1.96880000e+009,#N/A
,,,1.96960000e+009,#N/A
,,,1.97040000e+009,#N/A
,,,1.97120000e+009,#N/A
,,,1.97200000e+009,#N/A
,,,1.97280000e+009,#N/A
,,,1.97360000e+009,#N/A
,,,1.97440000e+009,#N/A
,,,1.97520000e+009,#N/A
,,,1.97600000e+009,#N/A
,,,1.97680000e+009,#N/A
,,,1.97760000e+009,#N/A
,,,1.97840000e+009,#N/A
,,,1.97920000e+009,#N/A
,,,1.98000000e+009,#N/A
,,,1.98080000e+009,#N/A
,,,1.98160000e+009,#N/A
,,,1.98240000e+009,#N/A
,,,1.98320000e+009,#N/A
,,,1.98400000e+009,#N/A
,,,1.98480000e+009,#N/A
,,,1.98560000e+009,#N/A
,,,1.98640000e+009,#N/A
,,,1.98720000e+009,#N/A
,,,1.98800000e+009,#N/A
,,,1.98880000e+009,#N/A
,,,1.98960000e+009,#N/A
,,,1.99040000e+009,#N/A
,,,1.99120000e+009,#N/A
,,,1.99200000e+009,#N/A
,,,1.99280000e+009,#N/A
,,,1.99360000e+009,#N/A
,,,1.99440000e+009,#N/A
,,,1.99520000e+009,#N/A
,,,1.99600000e+009,#N/A
,,,1.99680000e+009,#N/A
,,,1.99760000e+009,#N/A
,,,1.99840000e+009,#N/A
,,,1.99920000e+009,#N/A
,,,2.00000000e+009,#N/A
,,,2.00080000e+009,#N/A
,,,2.00160000e+009,#N/A
,,,2.00240000e+009,#N/A
,,,2.00320000e+009,#N/A
,,,2.00400000e+009,#N/A
,,,2.00480000e+009,#N/A
,,,2.00560000e+009,#N/A
,,,2.00640000e+009,#N/A
,,,2.00720000e+009,#N/A
,,,2.00800000e+009,#N/A
,,,2.00880000e+009,#N/A
,,,2.00960000e+009,#N/A
,,,2.01040000e+009,#N/A
,,,2.01120000e+009,#N/A
,,,2.01200000e+009,#N/A
,,,2.01280000e+009,#N/A
,,,2.01360000e+009,#N/A
,,,2.01440000e+009,#N/A
,,,2.01520000e+009,#N/A
,,,2.01600000e+009,#N/A
,,,2.01680000e+009,#N/A
,,,2.01760000e+009,#N/A
,,,2.01840000e+009,#N/A
,,,2.01920000e+009,#N/A
,,,2.02000000e+009,#N/A
,,,2.02080000e+009,#N/A
,,,2.02160000e+009,#N/A
,,,2.02240000e+009,#N/A
,,,2.02320000e+009,#N/A
,,,2.02400000e+009,#N/A
,,,2.02480000e+009,#N/A
,,,2.02560000e+009,#N/A
,,,2.02640000e+009,#N/A
,,,2.02720000e+009,#N/A
,,,2.02800000e+009,#N/A
,,,2.02880000e+009,#N/A
,,,2.02960000e+009,#N/A
,,,2.03040000e+009,#N/A
,,,2.03120000e+009,#N/A
,,,2.03200000e+009,#N/A
,,,2.03280000e+009,#N/A
,,,2.03360000e+009,#N/A
,,,2.03440000e+009,#N/A
,,,2.03520000e+009,#N/A
,,,2.03600000e+009,#N/A
,,,2.03680000e+009,#N/A
,,,2.03760000e+009,#N/A
,,,2.03840000e+009,#N/A
,,,2.03920000e+009,#N/A
,,,2.04000000e+009,#N/A
,,,2.04080000e+009,#N/A
,,,2.04160000e+009,#N/A
,,,2.04240000e+009,#N/A
,,,2.04320000e+009,#N/A
,,,2.04400000e+009,#N/A
,,,2.04480000e+009,#N/A
,,,2.04560000e+009,#N/A
,,,2.04640000e+009,#N/A
,,,2.04720000e+009,#N/A
,,,2.04800000e+009,#N/A
,,,2.04880000e+009,#N/A
,,,2.04960000e+009,#N/A
,,,2.05040000e+009,#N/A
,,,2.05120000e+009,#N/A
,,,2.05200000e+009,#N/A
,,,2.05280000e+009,#N/A
,,,2.05360000e+009,#N/A
,,,2.05440000e+009,#N/A
,,,2.05520000e+009,#N/A
,,,2.05600000e+009,#N/A
,,,2.05680000e+009,#N/A
,,,2.05760000e+009,#N/A
,,,2.05840000e+009,#N/A
,,,2.05920000e+009,#N/A
,,,2.06000000e+009,#N/A
,,,2.06080000e+009,#N/A
,,,2.06160000e+009,#N/A
,,,2.06240000e+009,#N/A
,,,2.06320000e+009,#N/A
,,,2.06400000e+009,#N/A
,,,2.06480000e+009,#N/A
,,,2.06560000e+009,#N/A
,,,2.06640000e+009,#N/A
,,,2.06720000e+009,#N/A
,,,2.06800000e+009,#N/A
,,,2.06880000e+009,#N/A
,,,2.06960000e+009,#N/A
,,,2.07040000e+009,#N/A
,,,2.07120000e+009,#N/A
,,,2.07200000e+009,#N/A
,,,2.07280000e+009,#N/A
,,,2.07360000e+009,#N/A
,,,2.07440000e+009,#N/A
,,,2.07520000e+009,#N/A
,,,2.07600000e+009,#N/A
,,,2.07680000e+009,#N/A
,,,2.07760000e+009,#N/A
,,,2.07840000e+009,#N/A
,,,2.07920000e+009,#N/A
,,,2.08000000e+009,#N/A
,,,2.08080000e+009,#N/A
,,,2.08160000e+009,#N/A
,,,2.08240000e+009,#N/A
,,,2.08320000e+009,#N/A
,,,2.08400000e+009,#N/A
,,,2.08480000e+009,#N/A
,,,2.08560000e+009,#N/A
,,,2.08640000e+009,#N/A
,,,2.08720000e+009,#N/A
,,,2.08800000e+009,#N/A
,,,2.08880000e+009,#N/A
,,,2.08960000e+009,#N/A
,,,2.09040000e+009,#N/A
,,,2.09120000e+009,#N/A
,,,2.09200000e+009,#N/A
,,,2.09280000e+009,#N/A
,,,2.09360000e+009,#N/A
,,,2.09440000e+009,#N/A
,,,2.09520000e+009,#N/A
,,,2.09600000e+009,#N/A
,,,2.09680000e+009,#N/A
,,,2.09760000e+009,#N/A
,,,2.09840000e+009,#N/A
,,,2.09920000e+009,#N/A
,,,2.10000000e+009,#N/A
,,,2.10080000e+009,#N/A
,,,2.10160000e+009,#N/A
,,,2.10240000e+009,#N/A
,,,2.10320000e+009,#N/A
,,,2.10400000e+009,#N/A
,,,2.10480000e+009,#N/A
,,,2.10560000e+009,#N/A
,,,2.10640000e+009,#N/A
,,,2.10720000e+009,#N/A
,,,2.10800000e+009,#N/A
,,,2.10880000e+009,#N/A
,,,2.10960000e+009,#N/A
,,,2.11040000e+009,#N/A
,,,2.11120000e+009,#N/A
,,,2.11200000e+009,#N/A
,,,2.11280000e+009,#N/A
,,,2.11360000e+009,#N/A
,,,2.11440000e+009,#N/A
,,,2.11520000e+009,#N/A
,,,2.11600000e+009,#N/A
,,,2.11680000e+009,#N/A
,,,2.11760000e+009,#N/A
,,,2.11840000e+009,#N/A
,,,2.11920000e+009,#N/A
,,,2.12000000e+009,#N/A
,,,2.12080000e+009,#N/A
,,,2.12160000e+009,#N/A
,,,2.12240000e+009,#N/A
,,,2.12320000e+009,#N/A
,,,2.12400000e+009,#N/A
,,,2.12480000e+009,#N/A
,,,2.12560000e+009,#N/A
,,,2.12640000e+009,#N/A
,,,2.12720000e+009,#N/A
,,,2.12800000e+009,#N/A
,,,2.12880000e+009,#N/A
,,,2.12960000e+009,#N/A
,,,2.13040000e+009,#N/A
,,,2.13120000e+009,#N/A
,,,2.13200000e+009,#N/A
,,,2.13280000e+009,#N/A
,,,2.13360000e+009,#N/A
,,,2.13440000e+009,#N/A
,,,2.13520000e+009,#N/A
,,,2.13600000e+009,#N/A
,,,2.13680000e+009,#N/A
,,,2.13760000e+009,#N/A
,,,2.13840000e+009,#N/A
,,,2.13920000e+009,#N/A
,,,2.14000000e+009,#N/A
,,,2.14080000e+009,#N/A
,,,2.14160000e+009,#N/A
,,,2.14240000e+009,#N/A
,,,2.14320000e+009,#N/A
,,,2.14400000e+009,#N/A
,,,2.14480000e+009,#N/A
,,,2.14560000e+009,#N/A
,,,2.14640000e+009,#N/A
,,,2.14720000e+009,#N/A
,,,2.14800000e+009,#N/A
,,,2.14880000e+009,#N/A
,,,2.14960000e+009,#N/A
,,,2.15040000e+009,#N/A
,,,2.15120000e+009,#N/A
,,,2.15200000e+009,#N/A
,,,2.15280000e+009,#N/A
,,,2.15360000e+009,#N/A
,,,2.15440000e+009,#N/A
,,,2.15520000e+009,#N/A
,,,2.15600000e+009,#N/A
,,,2.15680000e+009,#N/A
,,,2.15760000e+009,#N/A
,,,2.15840000e+009,#N/A
,,,2.15920000e+009,#N/A
,,,2.16000000e+009,#N/A
,,,2.16080000e+009,#N/A
,,,2.16160000e+009,#N/A
,,,2.16240000e+009,#N/A
,,,2.16320000e+009,#N/A
,,,2.16400000e+009,#N/A
,,,2.16480000e+009,#N/A
,,,2.16560000e+009,#N/A
,,,2.16640000e+009,#N/A
,,,2.16720000e+009,#N/A
,,,2.16800000e+009,#N/A
,,,2.16880000e+009,#N/A
,,,2.16960000e+009,#N/A
,,,2.17040000e+009,#N/A
,,,2.17120000e+009,#N/A
,,,2.17200000e+009,#N/A
,,,2.17280000e+009,#N/A
,,,2.17360000e+009,#N/A
,,,2.17440000e+009,#N/A
,,,2.17520000e+009,#N/A
,,,2.17600000e+009,#N/A
,,,2.17680000e+009,#N/A
,,,2.17760000e+009,#N/A
,,,2.17840000e+009,#N/A
,,,2.17920000e+009,#N/A
,,,2.18000000e+009,#N/A
,,,2.18080000e+009,#N/A
,,,2.18160000e+009,#N/A
,,,2.18240000e+009,#N/A
,,,2.18320000e+009,#N/A
,,,2.18400000e+009,#N/A
,,,2.18480000e+009,#N/A
,,,2.18560000e+009,#N/A
,,,2.18640000e+009,#N/A
,,,2.18720000e+009,#N/A
,,,2.18800000e+009,#N/A
,,,2.18880000e+009,#N/A
,,,2.18960000e+009,#N/A
,,,2.19040000e+009,#N/A
,,,2.19120000e+009,#N/A
,,,2.19200000e+009,#N/A
,,,2.19280000e+009,#N/A
,,,2.19360000e+009,#N/A
,,,2.19440000e+009,#N/A
,,,2.19520000e+009,#N/A
,,,2.19600000e+009,#N/A
,,,2.19680000e+009,#N/A
,,,2.19760000e+009,#N/A
,,,2.19840000e+009,#N/A
,,,2.19920000e+009,#N/A
,,,2.20000000e+009,#N/A
,,,2.20080000e+009,#N/A
,,,2.20160000e+009,#N/A
,,,2.20240000e+009,#N/A
,,,2.20320000e+009,#N/A
,,,2.20400000e+009,#N/A
,,,2.20480000e+009,#N/A
,,,2.20560000e+009,#N/A
,,,2.20640000e+009,#N/A
,,,2.20720000e+009,#N/A
,,,2.20800000e+009,#N/A
,,,2.20880000e+009,#N/A
,,,2.20960000e+009,#N/A
,,,2.21040000e+009,#N/A
,,,2.21120000e+009,#N/A
,,,2.21200000e+009,#N/A
,,,2.21280000e+009,#N/A
,,,2.21360000e+009,#N/A
,,,2.21440000e+009,#N/A
,,,2.21520000e+009,#N/A
,,,2.21600000e+009,#N/A
,,,2.21680000e+009,#N/A
,,,2.21760000e+009,#N/A
,,,2.21840000e+009,#N/A
,,,2.21920000e+009,#N/A
,,,2.22000000e+009,#N/A
,,,2.22080000e+009,#N/A
,,,2.22160000e+009,#N/A
,,,2.22240000e+009,#N/A
,,,2.22320000e+009,#N/A
,,,2.22400000e+009,#N/A
,,,2.22480000e+009,#N/A
,,,2.22560000e+009,#N/A
,,,2.22640000e+009,#N/A
,,,2.22720000e+009,#N/A
,,,2.22800000e+009,#N/A
,,,2.22880000e+009,#N/A
,,,2.22960000e+009,#N/A
,,,2.23040000e+009,#N/A
,,,2.23120000e+009,#N/A
,,,2.23200000e+009,#N/A
,,,2.23280000e+009,#N/A
,,,2.23360000e+009,#N/A
,,,2.23440000e+009,#N/A
,,,2.23520000e+009,#N/A
,,,2.23600000e+009,#N/A
,,,2.23680000e+009,#N/A
,,,2.23760000e+009,#N/A
,,,2.23840000e+009,#N/A
,,,2.23920000e+009,#N/A
,,,2.24000000e+009,#N/A
,,,2.24080000e+009,#N/A
,,,2.24160000e+009,#N/A
,,,2.24240000e+009,#N/A
,,,2.24320000e+009,#N/A
,,,2.24400000e+009,#N/A
,,,2.24480000e+009,#N/A
,,,2.24560000e+009,#N/A
,,,2.24640000e+009,#N/A
,,,2.24720000e+009,#N/A
,,,2.24800000e+009,#N/A
,,,2.24880000e+009,#N/A
,,,2.24960000e+009,#N/A
,,,2.25040000e+009,#N/A
,,,2.25120000e+009,#N/A
,,,2.25200000e+009,#N/A
,,,2.25280000e+009,#N/A
,,,2.25360000e+009,#N/A
,,,2.25440000e+009,#N/A
,,,2.25520000e+009,#N/A
,,,2.25600000e+009,#N/A
,,,2.25680000e+009,#N/A
,,,2.25760000e+009,#N/A
,,,2.25840000e+009,#N/A
,,,2.25920000e+009,#N/A
,,,2.26000000e+009,#N/A
,,,2.26080000e+009,#N/A
,,,2.26160000e+009,#N/A
,,,2.26240000e+009,#N/A
,,,2.26320000e+009,#N/A
,,,2.26400000e+009,#N/A
,,,2.26480000e+009,#N/A
,,,2.26560000e+009,#N/A
,,,2.26640000e+009,#N/A
,,,2.26720000e+009,#N/A
,,,2.26800000e+009,#N/A
,,,2.26880000e+009,#N/A
,,,2.26960000e+009,#N/A
,,,2.27040000e+009,#N/A
,,,2.27120000e+009,#N/A
,,,2.27200000e+009,#N/A
,,,2.27280000e+009,#N/A
,,,2.27360000e+009,#N/A
,,,2.27440000e+009,#N/A
,,,2.27520000e+009,#N/A
,,,2.27600000e+009,#N/A
,,,2.27680000e+009,#N/A
,,,2.27760000e+009,#N/A
,,,2.27840000e+009,#N/A
,,,2.27920000e+009,#N/A
,,,2.28000000e+009,#N/A
,,,2.28080000e+009,#N/A
,,,2.28160000e+009,#N/A
,,,2.28240000e+009,#N/A
,,,2.28320000e+009,#N/A
,,,2.28400000e+009,#N/A
,,,2.28480000e+009,#N/A
,,,2.28560000e+009,#N/A
,,,2.28640000e+009,#N/A
,,,2.28720000e+009,#N/A
,,,2.28800000e+009,#N/A
,,,2.28880000e+009,#N/A
,,,2.28960000e+009,#N/A
,,,2.29040000e+009,#N/A
,,,2.29120000e+009,#N/A
,,,2.29200000e+009,#N/A
,,,2.29280000e+009,#N/A
,,,2.29360000e+009,#N/A
,,,2.29440000e+009,#N/A
,,,2.29520000e+009,#N/A
,,,2.29600000e+009,#N/A
,,,2.29680000e+009,#N/A
,,,2.29760000e+009,#N/A
,,,2.29840000e+009,#N/A
,,,2.29920000e+009,#N/A
,,,2.30000000e+009,#N/A
,,,2.30080000e+009,#N/A
,,,2.30160000e+009,#N/A
,,,2.30240000e+009,#N/A
,,,2.30320000e+009,#N/A
,,,2.30400000e+009,#N/A
,,,2.30480000e+009,#N/A
,,,2.30560000e+009,#N/A
,,,2.30640000e+009,#N/A
,,,2.30720000e+009,#N/A
,,,2.30800000e+009,#N/A
,,,2.30880000e+009,#N/A
,,,2.30960000e+009,#N/A
,,,2.31040000e+009,#N/A
,,,2.31120000e+009,#N/A
,,,2.31200000e+009,#N/A
,,,2.31280000e+009,#N/A
,,,2.31360000e+009,#N/A
,,,2.31440000e+009,#N/A
,,,2.31520000e+009,#N/A
,,,2.31600000e+009,#N/A
,,,2.31680000e+009,#N/A
,,,2.31760000e+009,#N/A
,,,2.31840000e+009,#N/A
,,,2.31920000e+009,#N/A
,,,2.32000000e+009,#N/A
,,,2.32080000e+009,#N/A
,,,2.32160000e+009,#N/A
,,,2.32240000e+009,#N/A
,,,2.32320000e+009,#N/A
,,,2.32400000e+009,#N/A
,,,2.32480000e+009,#N/A
,,,2.32560000e+009,#N/A
,,,2.32640000e+009,#N/A
,,,2.32720000e+009,#N/A
,,,2.32800000e+009,#N/A
,,,2.32880000e+009,#N/A
,,,2.32960000e+009,#N/A
,,,2.33040000e+009,#N/A
,,,2.33120000e+009,#N/A
,,,2.33200000e+009,#N/A
,,,2.33280000e+009,#N/A
,,,2.33360000e+009,#N/A
,,,2.33440000e+009,#N/A
,,,2.33520000e+009,#N/A
,,,2.33600000e+009,#N/A
,,,2.33680000e+009,#N/A
,,,2.33760000e+009,#N/A
,,,2.33840000e+009,#N/A
,,,2.33920000e+009,#N/A
,,,2.34000000e+009,#N/A
,,,2.34080000e+009,#N/A
,,,2.34160000e+009,#N/A
,,,2.34240000e+009,#N/A
,,,2.34320000e+009,#N/A
,,,2.34400000e+009,#N/A
,,,2.34480000e+009,#N/A
,,,2.34560000e+009,#N/A
,,,2.34640000e+009,#N/A
,,,2.34720000e+009,#N/A
,,,2.34800000e+009,#N/A
,,,2.34880000e+009,#N/A
,,,2.34960000e+009,#N/A
,,,2.35040000e+009,#N/A
,,,2.35120000e+009,#N/A
,,,2.35200000e+009,#N/A
,,,2.35280000e+009,#N/A
,,,2.35360000e+009,#N/A
,,,2.35440000e+009,#N/A
,,,2.35520000e+009,#N/A
,,,2.35600000e+009,#N/A
,,,2.35680000e+009,#N/A
,,,2.35760000e+009,#N/A
,,,2.35840000e+009,#N/A
,,,2.35920000e+009,#N/A
,,,2.36000000e+009,#N/A
,,,2.36080000e+009,#N/A
,,,2.36160000e+009,#N/A
,,,2.36240000e+009,#N/A
,,,2.36320000e+009,#N/A
,,,2.36400000e+009,#N/A
,,,2.36480000e+009,#N/A
,,,2.36560000e+009,#N/A
,,,2.36640000e+009,#N/A
,,,2.36720000e+009,#N/A
,,,2.36800000e+009,#N/A
,,,2.36880000e+009,#N/A
,,,2.36960000e+009,#N/A
,,,2.37040000e+009,#N/A
,,,2.37120000e+009,#N/A
,,,2.37200000e+009,#N/A
,,,2.37280000e+009,#N/A
,,,2.37360000e+009,#N/A
,,,2.37440000e+009,#N/A
,,,2.37520000e+009,#N/A
,,,2.37600000e+009,#N/A
,,,2.37680000e+009,#N/A
,,,2.37760000e+009,#N/A
,,,2.37840000e+009,#N/A
,,,2.37920000e+009,#N/A
,,,2.38000000e+009,#N/A
,,,2.38080000e+009,#N/A
,,,2.38160000e+009,#N/A
,,,2.38240000e+009,#N/A
,,,2.38320000e+009,#N/A
,,,2.38400000e+009,#N/A
,,,2.38480000e+009,#N/A
,,,2.38560000e+009,#N/A
,,,2.38640000e+009,#N/A
,,,2.38720000e+009,#N/A
,,,2.38800000e+009,#N/A
,,,2.38880000e+009,#N/A
,,,2.38960000e+009,#N/A
,,,2.39040000e+009,#N/A
,,,2.39120000e+009,#N/A
,,,2.39200000e+009,#N/A
,,,2.39280000e+009,#N/A
,,,2.39360000e+009,#N/A
,,,2.39440000e+009,#N/A
,,,2.39520000e+009,#N/A
,,,2.39600000e+009,#N/A
,,,2.39680000e+009,#N/A
,,,2.39760000e+009,#N/A
,,,2.39840000e+009,#N/A
,,,2.39920000e+009,#N/A
,,,2.40000000e+009,#N/A
,,,2.40080000e+009,#N/A
,,,2.40160000e+009,#N/A
,,,2.40240000e+009,#N/A
,,,2.40320000e+009,#N/A
,,,2.40400000e+009,#N/A
,,,2.40480000e+009,#N/A
,,,2.40560000e+009,#N/A
,,,2.40640000e+009,#N/A
,,,2.40720000e+009,#N/A
,,,2.40800000e+009,#N/A
,,,2.40880000e+009,#N/A
,,,2.40960000e+009,#N/A
,,,2.41040000e+009,#N/A
,,,2.41120000e+009,#N/A
,,,2.41200000e+009,#N/A
,,,2.41280000e+009,#N/A
,,,2.41360000e+009,#N/A
,,,2.41440000e+009,#N/A
,,,2.41520000e+009,#N/A
,,,2.41600000e+009,#N/A
,,,2.41680000e+009,#N/A
,,,2.41760000e+009,#N/A
,,,2.41840000e+009,#N/A
,,,2.41920000e+009,#N/A
,,,2.42000000e+009,#N/A
,,,2.42080000e+009,#N/A
,,,2.42160000e+009,#N/A
,,,2.42240000e+009,#N/A
,,,2.42320000e+009,#N/A
,,,2.42400000e+009,#N/A
,,,2.42480000e+009,#N/A
,,,2.42560000e+009,#N/A
,,,2.42640000e+009,#N/A
,,,2.42720000e+009,#N/A
,,,2.42800000e+009,#N/A
,,,2.42880000e+009,#N/A
,,,2.42960000e+009,#N/A
,,,2.43040000e+009,#N/A
,,,2.43120000e+009,#N/A
,,,2.43200000e+009,#N/A
,,,2.43280000e+009,#N/A
,,,2.43360000e+009,#N/A
,,,2.43440000e+009,#N/A
,,,2.43520000e+009,#N/A
,,,2.43600000e+009,#N/A
,,,2.43680000e+009,#N/A
,,,2.43760000e+009,#N/A
,,,2.43840000e+009,#N/A
,,,2.43920000e+009,#N/A
,,,2.44000000e+009,#N/A
,,,2.44080000e+009,#N/A
,,,2.44160000e+009,#N/A
,,,2.44240000e+009,#N/A
,,,2.44320000e+009,#N/A
,,,2.44400000e+009,#N/A
,,,2.44480000e+009,#N/A
,,,2.44560000e+009,#N/A
,,,2.44640000e+009,#N/A
,,,2.44720000e+009,#N/A
,,,2.44800000e+009,#N/A
,,,2.44880000e+009,#N/A
,,,2.44960000e+009,#N/A
,,,2.45040000e+009,#N/A
,,,2.45120000e+009,#N/A
,,,2.45200000e+009,#N/A
,,,2.45280000e+009,#N/A
,,,2.45360000e+009,#N/A
,,,2.45440000e+009,#N/A
,,,2.45520000e+009,#N/A
,,,2.45600000e+009,#N/A
,,,2.45680000e+009,#N/A
,,,2.45760000e+009,#N/A
,,,2.45840000e+009,#N/A
,,,2.45920000e+009,#N/A
,,,2.46000000e+009,#N/A
,,,2.46080000e+009,#N/A
,,,2.46160000e+009,#N/A
,,,2.46240000e+009,#N/A
,,,2.46320000e+009,#N/A
,,,2.46400000e+009,#N/A
,,,2.46480000e+009,#N/A
,,,2.46560000e+009,#N/A
,,,2.46640000e+009,#N/A
,,,2.46720000e+009,#N/A
,,,2.46800000e+009,#N/A
,,,2.46880000e+009,#N/A
,,,2.46960000e+009,#N/A
,,,2.47040000e+009,#N/A
,,,2.47120000e+009,#N/A
,,,2.47200000e+009,#N/A
,,,2.47280000e+009,#N/A
,,,2.47360000e+009,#N/A
,,,2.47440000e+009,#N/A
,,,2.47520000e+009,#N/A
,,,2.47600000e+009,#N/A
,,,2.47680000e+009,#N/A
,,,2.47760000e+009,#N/A
,,,2.47840000e+009,#N/A
,,,2.47920000e+009,#N/A
,,,2.48000000e+009,#N/A
,,,2.48080000e+009,#N/A
,,,2.48160000e+009,#N/A
,,,2.48240000e+009,#N/A
,,,2.48320000e+009,#N/A
,,,2.48400000e+009,#N/A
,,,2.48480000e+009,#N/A
,,,2.48560000e+009,#N/A
,,,2.48640000e+009,#N/A
,,,2.48720000e+009,#N/A
,,,2.48800000e+009,#N/A
,,,2.48880000e+009,#N/A
,,,2.48960000e+009,#N/A
,,,2.49040000e+009,#N/A
,,,2.49120000e+009,#N/A
,,,2.49200000e+009,#N/A
,,,2.49280000e+009,#N/A
,,,2.49360000e+009,#N/A
,,,2.49440000e+009,#N/A
,,,2.49520000e+009,#N/A
,,,2.49600000e+009,#N/A
,,,2.49680000e+009,#N/A
,,,2.49760000e+009,#N/A
,,,2.49840000e+009,#N/A
,,,2.49920000e+009,#N/A
